PlayerId,Name,PPId,Trj,Pow,Con,Arm,Spd,Fld,eRes,Status,Pos,AB,HR,SB,R,Inn,TC,A,RF/9,Fpct,C_SB,C_CS,Non-1B Pos,CalcPow
407853,Erik Bedard,475,1,0,1,12,3,9,8,Active,1,2,0,0,0,196.1,34,26,1,0.9709999999999999,,,1,16
150249,Kris Benson,269,2,97,1,10,5,9,5,Active,1,9,1,0,1,183,42,25,1.33,0.9519999999999998,,,1,16
451256,Kurt Birkins,867,1,16,1,10,3,6,7,Active,1,0,0,0,0,31,7,7,0.2,1,,,1,16
461904,Chris Britton,941,1,16,1,10,3,6,7,Traded,1,0,0,0,0,53.2,4,4,0.08,1,,,1,16
434638,Brian Burres,758,1,16,1,10,3,6,6,Active,1,,,,,8,1,0,0.09,1,,,1,16
425555,Daniel Cabrera,563,1,0,1,12,3,9,11,Active,1,1,0,0,0,148,17,13,0.65,1,,,1,16
136600,Bruce Chen,220,1,96,1,10,4,8,9,FreeAgent,1,1,0,0,0,98.2,18,12,0.45,1,,,1,16
112559,Jeff Conine,34,2,137,8,10,11,7,11,Traded,3,489,10,3,54,1077.3999999999999,582,35,3.409908112121775,,,,3,126
400158,Jay Gibbons,432,3,145,8,10,6,10,10,Active,9,343,13,0,34,348.2,100,1,2.23,0.98,,,1,151
115629,LaTroy Hawkins,70,1,16,1,12,4,8,1,FreeAgent,1,0,0,0,0,60.1,12,7,0.18,0.9170000000000001,,,1,16
150421,Ramon Hernandez,297,3,175,8,10,6,11,9,Active,2,501,23,1,66,1099.1,880,69,6.372303703029751,0.9850852272727273,55,42,1,165
462382,Jim Johnson,942,1,16,1,10,3,6,5,Reassigned,1,,,,,3,0,0,0,,,,1,16
429400,Adam Loewen,614,1,0,1,10,3,7,9,Active,1,2,0,0,0,112.1,15,13,0.6800000000000002,1,,,1,16
150438,Rodrigo Lopez,300,1,0,1,10,4,9,8,Traded,1,2,0,0,0,189,31,18,0.8300000000000001,0.968,,,1,16
206551,Melvin Mora,310,2,137,8,8,10,10,9,Active,5,624,16,11,96,1326,416,298,2.5786877828054298,0.9591971153846154,,,2,132
133460,Russ Ortiz,202,1,96,5,10,4,8,8,FreeAgent,1,6,0,0,1,62.3,13,8,0.6348475120385233,1,,,1,16
279913,Corey Patterson,369,3,142,8,11,13,13,11,Active,8,463,16,45,75,1078.2,356,7,2.63,0.989,,,1,144
444884,Chris Ray,826,1,16,1,12,3,4,1,Active,1,0,0,0,0,66,10,6,0.15,0.9,,,1,16
464869,Sendy Rleal,950,1,16,1,11,3,7,1,Active,1,0,0,0,0,46.2,8,1,0.17,0.875,,,1,16
406878,Brian Roberts,443,2,145,9,7,12,11,11,Active,4,563,10,36,85,1167.2,598,375,4.3,0.985,,,1,123
123173,Miguel Tejada,154,3,177,12,11,7,12,10,Active,6,648,24,6,99,1293.2,674,418,4.37,0.9719999999999999,,,1,149
408036,Josh Bard,488,2,147,9,8,5,9,12,Traded,2,249,9,1,30,547.2,457,37,5.822880116959063,0.9935973741794311,53,11,1,148
277417,Josh Beckett,361,2,99,2,12,6,9,13,Active,1,7,1,0,2,204.2,38,24,1.15,1,,,1,16
136725,Matt Clement,226,1,27,1,10,4,9,8,Active,1,3,0,0,1,65.1,10,4,0.83,1,,,1,16
424825,Coco Crisp,530,2,124,7,8,13,10,13,Traded,8,413,8,22,58,900.2,250,3,2.42,0.996,,,1,124
434668,Manny Delcarmen,768,1,16,1,12,3,6,7,Active,1,0,0,0,0,53.1,9,5,0.18,1,,,1,16
430837,Lenny DiNardo,689,1,0,1,8,3,8,1,Waived,1,1,0,0,0,39,8,6,0.46,0.75,,,1,16
451257,Kason Gabbard,868,1,16,1,9,3,6,6,Active,1,,,,,25.2,4,1,0.57,1,,,1,16
468962,Devern Hansack,958,1,16,1,10,3,6,6,Active,1,,,,,10,2,0,1,1,,,1,16
400134,Eric Hinske,427,3,144,7,8,10,5,9,Active,5,277,13,2,43,463,188,22,2.689892008639309,,,,3,167
452657,Jon Lester,882,1,0,1,10,3,5,8,Active,1,4,0,0,0,81.1,11,11,0.73,1,,,1,16
425657,Javier Lopez,580,1,16,1,9,3,9,6,Active,1,0,0,0,0,16.2,3,2,0.11,1,,,1,16
117928,Mark Loretta,94,2,130,9,8,6,11,12,FreeAgent,4,635,5,4,75,1247,722,398,4.777425821972734,0.9946897506925207,,,1,112
136780,Mike Lowell,231,3,165,9,12,6,13,13,Active,5,573,20,2,79,1298.2,463,314,2.99,0.987,,,1,145
119182,Doug Mirabelli,104,2,106,3,7,4,8,12,Active,2,183,6,0,13,449,357,20,5.407951002227172,0.9946554621848739,39,9,1,141
119811,Trot Nixon,110,2,136,8,11,7,11,14,FreeAgent,9,381,8,0,59,891.1,219,6,1.9799999999999998,0.995,,,1,126
449097,Jonathan Papelbon,853,1,29,1,12,3,5,1,Active,1,0,0,0,0,68.1,8,3,0.12,0.875,,,1,16
456030,Dustin Pedroia,904,2,98,3,8,6,6,7,Active,4,89,2,0,5,213,142,86,4.16981220657277,0.9715985915492956,,,2,60
150289,Carlos Pena,276,2,100,5,8,6,10,9,FreeAgent,3,33,1,0,3,87,87,5,4.652873563218391,,,,1,60
276377,Wily Mo Pena,348,2,141,8,8,9,7,9,Traded,9,276,11,0,36,589,154,5,1.8086587436332766,0.9804025974025972,,,3,155
120903,Manny Ramirez,122,4,229,11,13,6,6,12,Traded,7,449,35,0,79,1031.1,184,7,1.48,0.989,,,1,215
228594,David Riske,328,1,16,1,10,4,9,1,Traded,1,0,0,0,0,43.3,5,3,0.09849884526558891,0.8,,,1,16
121811,Curt Schilling,134,1,96,2,12,4,8,1,Active,1,2,0,0,0,204,43,26,1.29,0.93,,,1,16
121955,Rudy Seanez,136,1,16,1,10,4,9,7,Released,1,0,0,0,0,52.300000000000004,8,4,0.16166347992351815,1,,,1,16
216897,Kyle Snyder,318,1,16,1,10,3,9,8,Active,1,,,,,60.1,8,6,0.45863560732113146,1,,,1,16
434886,Adam Stern,780,2,54,4,6,8,6,8,Traded,8,20,0,1,3,51,19,1,2.041372549019608,1,,,2,60
123118,Julian Tavarez,153,1,16,1,11,4,9,1,Active,1,0,0,0,0,98.2,25,16,0.4,0.92,,,1,16
123348,Mike Timlin,157,1,16,1,10,4,9,8,Active,1,0,0,0,0,64,13,7,0.19,1,,,1,16
123660,Jason Varitek,163,3,133,6,12,6,12,12,FreeAgent,2,365,12,1,46,822.1,679,28,6.82,0.9940000000000001,46,13,1,141
123801,Tim Wakefield,168,1,0,1,7,4,8,10,Active,1,4,0,0,0,140,25,12,1.09,1,,,1,16
124071,David Wells,173,1,80,1,9,4,8,8,Traded,1,5,0,0,0,75.1,8,6,0.6187749667110519,1,,,1,16
425903,Kevin Youkilis,612,3,148,8,10,7,9,10,Active,3,569,13,5,100,1256,1190,100,7.540398089171974,0.9928210084033614,,,2,128
279824,Mark Buehrle,367,1,0,1,9,4,9,9,Active,1,4,0,0,0,204,45,35,1.38,0.978,,,1,16
400090,Alex Cintron,421,2,118,7,8,11,10,8,Active,6,288,5,10,35,585.2,282,173,3.549015721120984,0.9715141843971631,,,3,122
425747,Jose Contreras,584,1,0,1,11,3,8,2,Active,1,4,0,0,1,196,31,21,0.97,0.935,,,1,16
425840,Neal Cotts,598,1,16,1,11,3,9,7,Traded,1,0,0,0,0,54,13,9,0.19,1,,,1,16
150317,Joe Crede,279,3,186,9,11,7,13,12,Active,5,544,30,0,76,1260,463,339,3.04,0.9779999999999999,,,1,182
113679,Jermaine Dye,43,4,227,11,10,7,11,12,Active,9,539,44,7,103,1245,316,5,2.12,0.981,,,1,221
435222,Josh Fields,801,2,98,5,10,4,4,9,Active,5,20,1,0,4,37,17,12,2.7535135135135134,,,,2,60
150119,Freddy Garcia,251,1,80,1,10,4,9,2,Traded,1,5,0,0,0,216.1,32,18,0.91,0.938,,,1,16
279782,Jon Garland,366,2,99,1,10,4,9,3,Traded,1,5,1,0,2,211.1,49,34,1.39,0.939,,,1,16
435338,Tadahito Iguchi,805,3,150,9,8,10,11,11,Traded,4,555,18,11,97,1209.1,649,371,4.71,0.988,,,1,140
408057,Bobby Jenks,494,1,16,1,13,3,8,1,Active,1,0,0,0,0,69.2,12,6,0.16,0.9170000000000001,,,1,16
117244,Paul Konerko,87,3,206,11,11,5,11,13,Active,3,566,35,1,97,1181.2,1246,67,8.86,0.995,,,0,191
457429,Boone Logan,914,1,16,1,11,3,4,1,Active,1,,,,,17.1,5,3,0.19,0.8,,,1,16
213680,Mike MacDougal,316,1,16,1,12,4,8,6,Active,1,,,,,29,3,3,0.10344827586206896,,,,1,16
435221,Brandon McCarthy,800,1,0,1,11,3,6,8,Traded,1,1,0,0,0,84.2,15,11,0.28,1,,,1,16
435539,Jerry Owens,812,2,96,5,4,8,4,9,Active,8,9,0,1,4,13,6,0,1.2307692307692308,1,,,2,60
150367,Pablo Ozuna,287,2,112,8,10,12,8,7,Active,5,189,2,6,25,375,82,26,1.3485333333333334,,,,4,115
150229,A.J. Pierzynski,265,2,161,9,10,6,9,13,Active,2,509,16,1,65,1125,860,62,6.49,0.997,90,25,1,139
325392,Scott Podsednik,384,2,112,8,10,12,11,10,Active,7,524,3,40,86,1086.2,257,4,1.84,0.969,,,1,109
228594,David Riske,328,1,16,1,10,4,9,1,FreeAgent,1,0,0,0,0,43.3,5,3,0.09849884526558891,0.8,,,1,16
455755,Chris Stewart,900,1,84,4,6,5,6,9,Active,2,8,0,0,0,15,19,2,3.8,1,1,2,1,60
407819,Matt Thornton,465,1,16,1,12,3,9,1,Active,1,0,0,0,0,54,11,8,0.16,0.909,,,1,16
134320,Javier Vazquez,210,1,97,5,11,4,8,13,Traded,1,1,0,0,1,202.2,36,29,1.09,1,,,1,16
150071,Ronnie Belliard,246,2,141,8,8,9,9,9,Traded,4,544,13,2,63,1225.2,684,405,4.610466046359777,0.9836447368421053,,,2,130
429783,Rafael Betancourt,636,1,16,1,11,3,9,7,Active,1,0,0,0,0,56.2,3,1,0.06,1,,,1,16
111213,Aaron Boone,14,2,123,6,6,10,9,9,FreeAgent,5,354,7,5,50,845,260,187,2.3985798816568047,0.938476923076923,,,2,125
407777,Ben Broussard,456,3,170,9,12,8,7,9,Traded,3,432,21,2,61,641.2,720,59,7.8981784154709915,0.9874833333333334,,,0,170
111838,Paul Byrd,18,1,96,2,10,4,8,1,Traded,1,4,0,0,0,179,31,16,0.84,0.839,,,1,16
425507,Fernando Cabrera,550,1,16,1,11,3,9,8,Released,1,0,0,0,0,60.2,9,7,0.18,1,,,1,16
425186,Jason Davis,533,1,5,1,13,3,8,1,Traded,1,,,,,55.1,11,6,0.26,0.909,,,1,16
434939,Ryan Garko,782,2,129,7,8,4,4,8,Active,3,185,7,0,28,396,434,30,9.51,0.986,,,0,151
425386,Jeremy Guthrie,535,1,29,1,12,3,9,6,Waived,1,,,,,19.1,5,5,0.56,1,,,1,16
429711,Franklin Gutierrez,624,2,102,6,6,8,6,8,Active,8,136,1,0,21,322,89,1,1.907267080745342,0.9662471910112359,,,3,111
446928,Joe Inglett,840,2,105,7,8,10,7,8,Active,4,201,2,5,26,477.2,276,143,4.413512154233026,0.9850434782608695,,,4,114
450260,Kevin Kouzmanoff,858,2,103,4,4,8,4,4,Traded,5,56,3,0,4,16,7,4,3,0.857,,,1,60
424324,Cliff Lee,526,1,13,1,10,3,8,5,Active,1,6,0,0,0,200.2,22,18,0.64,0.955,,,1,16
429708,Andy Marte,622,2,112,5,10,5,8,10,Active,5,164,5,0,20,428.2,156,118,3,0.962,,,1,138
400121,Victor Martinez,425,2,170,11,6,5,9,11,Active,10,572,16,0,82,1276.1,960,50,6.130162212992713,0.9916041666666666,100,22,1,134
457826,Tom Mastny,923,1,16,1,10,3,5,6,Active,1,0,0,0,0,16.1,2,1,0.13,1,,,1,16
285080,Matt Miller,380,1,16,1,9,3,8,6,Active,1,,,,,15.2,1,1,0.07,1,,,1,16
150407,Guillermo Mota,293,1,16,1,12,4,9,7,Traded,1,0,0,0,0,55.2,4,4,0.08021739130434784,1,,,1,16
465629,Edward Mujica,952,1,16,1,10,3,4,6,Active,1,,,,,18.1,2,2,0.2,1,,,1,16
460370,Rafael Perez,933,1,16,1,10,3,4,1,Active,1,0,0,0,0,12.1,3,2,0.11,0.6670000000000001,,,1,16
431159,Kelly Shoppach,719,2,106,5,10,5,9,10,Active,2,110,3,0,7,280.1,230,20,5.7,0.991,19,11,1,134
429713,Grady Sizemore,626,3,181,9,11,12,11,12,Active,8,655,28,22,134,1379.1,419,7,2.6,0.993,,,1,160
460265,Jeremy Sowers,932,1,16,1,10,3,4,1,Active,1,,,,,88.1,12,7,0.7900000000000001,0.9170000000000001,,,1,16
150414,Jake Westbrook,295,2,97,1,10,4,9,11,Active,1,4,0,0,0,211.1,74,40,2.28,0.986,,,1,16
124233,Bob Wickman,176,1,16,1,10,4,8,1,Traded,1,0,0,0,0,54,11,6,0.15555555555555559,0.818,,,1,16
425827,Jeremy Bonderman,595,1,0,1,11,3,8,8,Active,1,4,0,0,0,214,31,17,0.88,0.968,,,1,16
112087,Sean Casey,24,2,135,8,12,6,11,14,FreeAgent,3,397,8,0,47,874.1,974,34,9.166242992792586,0.9980164271047228,,,0,125
430638,Roman Colon,672,1,5,1,12,3,9,7,Active,1,0,0,0,0,38.2,6,4,0.3,1,,,1,16
239795,Chad Durbin,332,1,29,1,10,4,8,6,FreeAgent,1,,,,,6,0,0,0,,,,1,16
434158,Curtis Granderson,737,3,149,8,8,12,12,13,Active,8,596,19,8,90,1312,389,3,2.47,0.9970000000000001,,,1,140
276351,Jason Grilli,342,1,29,1,11,4,8,8,Traded,1,0,0,0,0,62,8,6,0.16,1,,,1,16
276346,Brandon Inge,341,3,164,7,11,12,9,11,Active,5,542,27,7,83,1392,555,398,3.35,0.96,,,1,172
116734,Todd Jones,82,1,85,1,11,4,8,8,Active,1,0,0,0,0,64,12,10,0.19,1,,,1,16
425656,Wilfredo Ledezma,579,1,29,1,11,3,8,1,Traded,1,0,0,0,0,60.1,10,6,0.38,0.9,,,1,16
400077,Mike Maroth,418,1,86,1,9,3,10,7,Traded,1,,,,,53.2,14,13,1.08,1,,,1,16
453192,Andrew Miller,888,1,16,1,12,3,4,6,Active,1,,,,,10.1,1,0,0.13,1,,,1,16
435261,Zach Miner,803,2,96,1,11,3,6,9,Active,1,6,0,0,1,93,9,5,0.33,1,,,1,16
120044,Magglio Ordonez,114,3,172,10,11,6,7,11,Active,9,593,24,1,82,1268,274,9,1.8,0.9739999999999999,,,1,156
120413,Neifi Perez,118,2,98,6,12,11,11,9,Active,6,301,2,1,31,669.2,361,211,3.4911267184698143,,,,3,110
135784,Placido Polanco,214,2,124,9,8,7,12,12,Active,4,461,4,1,58,943,555,325,5.080000000000001,0.989,,,1,113
430958,Mike Rabelo,709,2,99,4,4,4,4,7,Traded,2,1,0,0,0,,,,,,,,0,60
425146,Nate Robertson,532,1,67,1,10,3,8,1,Active,1,6,0,0,0,208.2,34,21,0.97,0.912,,,1,16
407845,Fernando Rodney,473,1,0,1,12,3,8,2,Active,1,1,0,0,0,71.2,15,9,0.22,0.933,,,1,16
121358,Ivan Rodriguez,129,2,150,10,14,8,14,10,Traded,2,547,13,8,74,1111.1,865,65,6.606921069210692,0.9969826589595375,25,26,2,129
121386,Kenny Rogers,130,2,86,1,10,5,10,1,Active,1,7,0,0,0,204,57,38,1.53,0.912,,,1,16
150144,Bobby Seay,254,1,16,1,10,4,8,6,NRI,1,,,,,15.1,1,1,0.07,1,,,1,16
434378,Justin Verlander,741,1,0,1,13,3,4,1,Active,1,1,0,0,0,186,38,24,1.17,0.9210000000000002,,,1,16
136300,Vance Wilson,217,2,118,6,8,6,10,12,Active,2,152,5,0,18,393.2,313,30,5.67,0.9969999999999999,24,9,1,141
451491,Joel Zumaya,870,1,16,1,13,3,6,1,Active,1,0,0,0,0,83.1,7,4,0.10000000000000002,0.857,,,1,16
346793,Jeremy Affeldt,392,1,0,1,12,3,8,2,Traded,1,3,0,0,0,97.1,15,13,0.24232749742533474,0.9332666666666666,,,1,16
132720,Paul Bako,187,1,79,3,8,8,6,11,FreeAgent,2,153,0,0,7,392,280,20,5.25,0.9930000000000001,20,9,1,60
429714,Denny Bautista,627,1,0,1,13,3,9,7,Traded,1,1,0,0,0,41.2,13,6,1.311893203883495,1,,,1,16
407556,Angel Berroa,455,2,111,6,4,10,9,10,Active,6,474,9,3,45,1117.1,572,366,4.23,0.9690000000000001,,,1,124
461334,Ryan Braun,938,1,16,1,7,2,6,5,Active,1,,,,,10.2,1,0,0,0,,,1,16
407833,John Buck,469,3,131,6,10,6,6,11,Active,2,371,11,0,37,930.1,658,37,5.82,0.991,33,17,1,137
434586,Ambiorix Burgos,752,1,16,1,13,3,4,8,Traded,1,0,0,0,0,73.1,8,8,0.11999999999999998,1,,,1,16
430573,Shane Costa,653,2,116,7,5,7,4,8,Active,7,237,3,2,23,508,148,0,2.181850393700788,0.9593513513513512,,,3,117
407822,Jorge De La Rosa,466,1,0,1,11,3,8,1,Active,1,5,0,0,0,78.30000000000001,10,6,0.35386973180076625,0.8997999999999999,,,1,16
113296,Elmer Dessens,41,2,0,2,11,4,9,8,Traded,1,1,0,0,0,77,16,13,0.2642857142857143,1,,,1,16
346855,Brandon Duckworth,400,2,97,4,10,4,8,7,IL,1,3,0,0,1,45.2,8,3,0.8,1,,,1,16
134003,Scott Elarton,206,2,97,1,10,4,8,10,Active,1,3,0,0,1,114.2,16,13,0.8,1,,,1,16
431157,Joey Gathright,718,2,77,6,8,12,8,11,Active,8,383,1,22,59,1016.2,349,5,2.671027356819524,0.991810888252149,,,1,102
407397,Esteban German,452,2,126,9,8,12,10,7,Released,4,279,3,7,44,505.20000000000005,183,86,2.3415716547901817,,,,5,115
425471,Jimmy Gobble,540,1,16,1,10,3,8,8,Active,1,0,0,0,0,84,14,10,0.23,1,,,1,16
115017,Tony Graffanino,61,2,136,8,10,12,11,8,Traded,4,456,7,5,68,982.4,504,241,3.9631087133550493,0.9841190476190476,,,3,120
425844,Zack Greinke,600,2,88,1,12,3,9,6,Active,1,,,,,6.1,1,1,0.33,1,,,1,16
115210,Mark Grudzielanek,64,2,139,10,12,12,14,10,Active,4,548,7,3,85,1122.2,638,373,4.7545891997861345,0.9940094043887148,,,2,117
346873,Luke Hudson,405,1,29,1,11,3,9,6,Active,1,0,0,0,0,102,25,12,0.92,0.96,,,1,16
213680,Mike MacDougal,316,1,16,1,12,4,8,6,Traded,1,,,,,29,3,3,0.10344827586206896,,,,1,16
137006,Doug Mientkiewicz,235,2,126,8,13,6,10,13,FreeAgent,3,314,4,3,37,724.2,794,42,8.79,0.996,,,0,117
406874,Joe Nelson,442,1,16,1,10,4,9,7,Active,1,0,0,0,0,44.2,8,5,0.19000000000000003,1,,,1,16
407908,Joel Peralta,486,1,16,1,11,3,7,8,Active,1,0,0,0,0,73.2,10,4,0.16,1,,,1,16
136602,Odalis Perez,221,1,27,1,10,4,9,6,Active,1,15,0,0,3,126.1,28,24,0.882831086439334,0.96425,,,1,16
150230,Mark Redman,266,1,0,1,9,4,9,1,FreeAgent,1,1,0,0,0,167,36,25,1.14,0.917,,,1,16
447816,Angel Sanchez,842,1,89,4,8,3,8,8,Active,6,27,0,0,2,58.1,46,31,6.674268502581755,1,,,2,60
121673,Reggie Sanders,133,3,132,6,11,8,11,11,Active,9,325,11,7,45,601,176,4,2.38,0.989,,,1,143
434626,Ryan Shealy,754,2,123,6,11,6,4,11,Active,3,202,7,1,31,463,461,27,8.68183585313175,0.9931973969631236,,,0,144
434878,Andrew Sisco,778,1,5,1,11,3,6,1,Traded,1,0,0,0,0,58.1,9,5,0.12,0.8889999999999999,,,1,16
216897,Kyle Snyder,318,1,16,1,10,3,9,8,Waived,1,,,,,60.1,8,6,0.45863560732113146,1,,,1,16
433597,Mark Teahen,732,3,166,9,8,11,8,11,Active,5,393,18,10,70,923.2,330,237,2.9,0.958,,,1,165
425487,Todd Wellemeyer,543,1,0,1,12,3,9,8,Waived,1,2,0,0,0,78.1,14,11,0.35193341869398215,1,,,1,16
430061,Mike Wood,646,1,0,1,9,3,9,3,Waived,1,3,0,0,0,64.2,17,12,0.7,0.941,,,1,16
110236,Garret Anderson,4,3,154,8,8,7,8,13,Active,7,543,17,1,63,812.2,193,1,2.05,1,,,1,139
408052,Chris Bootcheck,493,1,16,1,10,3,8,6,NRI,1,,,,,10.1,2,2,0.29,1,,,1,16
111851,Orlando Cabrera,19,2,138,9,14,10,12,11,Traded,6,607,9,27,95,1320.2,645,377,4.14,0.975,,,1,120
112031,Hector Carrasco,23,1,5,1,11,8,9,1,Released,1,0,0,0,0,100.1,27,19,0.45000000000000007,0.926,,,1,16
112526,Bartolo Colon,33,1,0,1,11,4,9,1,Active,1,1,0,0,0,56.1,12,7,1.1,0.9170000000000001,,,1,16
113889,Darin Erstad,48,2,97,4,14,10,13,10,FreeAgent,8,95,0,1,8,247.2,104,2,2.6462135922330097,1,,,1,60
113898,Kelvim Escobar,49,1,0,1,11,4,9,12,Active,1,4,0,0,0,189.1,25,18,0.8299999999999998,1,,,1,16
408210,Chone Figgins,500,2,121,8,10,13,10,8,Active,5,604,9,52,93,1301.5,391,79,2.3674206684594696,0.9588900255754476,,,6,120
276514,Kevin Gregg,350,1,0,1,11,3,9,1,Traded,1,3,0,0,0,78.1,8,4,0.19,0.75,,,1,16
115223,Vladimir Guerrero,66,3,196,12,14,9,11,9,Active,9,607,33,15,92,1090,269,7,2.05,0.959,,,1,180
429983,Greg Jones,642,1,16,1,10,3,9,9,Active,1,,,,,6,0,0,0,,,,1,16
435062,Howie Kendrick,790,2,119,7,10,9,6,10,Active,4,267,4,6,25,577.1,476,96,6.531235487783746,,,,2,120
150456,Adam Kennedy,302,2,128,8,8,11,11,11,FreeAgent,4,451,4,16,50,1140.2,575,361,4.26,0.9839999999999999,,,1,113
425773,Casey Kotchman,587,2,108,2,8,6,8,11,Traded,3,79,1,0,6,197,195,15,7.5,1,,,0,60
407793,John Lackey,460,1,0,1,11,3,8,13,Active,1,3,0,0,0,217.2,35,26,1.06,1,,,1,16
425774,Dallas McPherson,588,2,116,5,10,9,7,9,Active,5,115,7,1,16,258.3,97,49,2.3893379790940763,0.9691752577319587,,,1,190
150040,Jose Molina,243,2,111,5,12,6,10,9,Traded,2,225,4,1,18,608.1,564,50,7.21124157210985,0.9860992907801418,27,20,1,123
400291,Dustin Moseley,435,1,16,1,10,3,6,6,Active,1,,,,,11,1,1,0.33,1,,,1,16
408209,Tommy Murphy,499,2,98,5,8,11,7,9,Active,8,70,1,4,12,186.2,66,2,1.6274328678839955,1,,,3,60
435063,Mike Napoli,791,3,145,5,10,10,10,10,IL,3,268,16,2,47,716.1,631,48,6.630000000000001,0.987,38,17,1,188
407487,Juan Rivera,453,3,191,10,11,7,11,7,Active,7,448,23,0,65,863.2,229,13,2.0762662187210377,0.973768558951965,,,3,175
408061,Francisco Rodriguez,495,1,16,1,12,3,9,8,FreeAgent,1,0,0,0,0,73,10,5,0.14,1,,,1,16
240694,J.C. Romero,333,1,16,1,11,4,8,7,FreeAgent,1,0,0,0,0,48.1,10,3,0.15,1,,,1,16
429722,Ervin Santana,634,1,96,1,12,3,6,1,Active,1,4,0,0,0,204,27,12,0.76,0.926,,,1,16
434578,Joe Saunders,749,1,29,1,10,3,6,8,Active,1,,,,,70.2,11,10,0.85,1,,,1,16
276912,Scot Shields,357,1,0,1,11,4,8,6,Active,1,1,0,0,0,87.2,24,13,0.31,0.9579999999999999,,,1,16
213711,Jeff Weaver,317,2,60,4,10,5,9,1,Traded,1,30,0,0,1,171.3,34,18,1.0030647985989491,0.9115882352941176,,,1,16
450308,Jered Weaver,862,1,16,1,11,3,4,1,Active,1,,,,,123,18,9,0.84,0.8889999999999999,,,1,16
435044,Scott Baker,788,1,0,1,10,3,4,8,Active,1,3,0,0,0,83.1,11,6,0.69,1,,,1,16
430583,Jason Bartlett,655,2,122,9,13,9,12,10,Traded,6,333,2,10,44,879.2,442,298,4.33,0.9710000000000001,,,1,109
110682,Tony Batista,7,2,110,5,8,8,11,9,Released,5,178,5,0,24,434,130,97,2.48,0.954,,,1,134
425818,Boof Bonser,593,1,0,1,11,8,7,9,Active,1,3,0,0,1,100.1,13,9,0.72,1,,,1,16
458210,Alexi Casilla,927,1,96,4,8,6,6,8,Active,4,4,0,0,1,15,16,10,3.0166666666666666,1,,,2,60
112116,Luis Castillo,26,2,108,10,12,13,12,12,Traded,4,584,3,25,84,1239.1,651,378,4.54,0.991,,,1,108
112128,Juan Castro,27,2,110,6,12,8,12,9,Traded,6,251,3,1,18,619.2,309,207,3.488569121447028,0.9739093851132685,,,3,116
430884,Jesse Crain,692,1,16,1,12,3,9,3,Active,1,0,0,0,0,76.2,17,8,0.24,0.941,,,1,16
150212,Michael Cuddyer,261,3,176,9,11,12,6,11,Active,9,557,24,6,102,1281.1,311,14,2.0691437046288343,,,,2,161
217915,Lew Ford,321,2,101,5,12,11,9,7,Active,7,234,4,9,40,531.1,138,4,1.542353605723969,0.9853188405797101,,,3,122
407825,Matt Guerrier,467,1,5,1,10,3,9,4,Active,1,0,0,0,0,69.2,19,11,0.46,0.947,,,1,16
425863,Chris Heintz,606,1,86,4,6,5,6,10,Active,2,1,0,0,0,2,0,0,0,,0,0,1,60
116338,Torii Hunter,75,3,177,8,14,9,14,11,FreeAgent,8,557,31,12,86,1232.1,355,8,2.45,0.9889999999999999,,,1,182
430585,Jason Kubel,656,2,117,5,4,6,4,8,Active,7,220,8,2,23,244,43,1,1.1086885245901639,0.9531162790697674,,,2,148
434538,Francisco Liriano,744,1,80,1,12,3,6,1,IL,1,5,0,0,0,121,10,6,0.32,0.9,,,1,16
346798,Kyle Lohse,394,2,64,2,11,8,9,10,Traded,1,23,0,0,2,126.2,36,24,1.273851030110935,1,,,1,16
408045,Joe Mauer,491,2,170,14,11,10,12,13,Active,2,521,13,8,86,1059.1,914,44,7.58,0.9960000000000001,36,22,1,131
408047,Justin Morneau,492,3,199,11,12,6,9,12,Active,3,592,34,3,97,1346.1,1416,111,9.2,0.9939999999999999,,,0,185
150274,Joe Nathan,272,1,0,1,12,4,8,1,Active,1,1,0,0,0,68.1,10,5,0.13,0.8,,,1,16
450212,Pat Neshek,857,1,16,1,11,3,5,7,Active,1,,,,,37,3,1,0.09,1,,,1,16
450282,Glen Perkins,860,1,16,1,10,3,4,6,Active,1,,,,,5.2,1,1,0.25,1,,,1,16
435404,Josh Rabe,809,2,104,5,4,4,4,3,NRI,7,49,3,0,8,56,24,0,2.160714285714286,,,,2,60
133226,Mike Redmond,196,2,116,8,8,5,10,12,Active,2,179,0,0,20,378,338,21,7.859999999999999,1,18,9,1,60
346799,Juan Rincon,395,1,16,1,12,4,8,8,Released,1,0,0,0,0,74.1,13,6,0.17,1,,,1,16
276371,Johan Santana,345,1,0,1,12,4,8,10,Traded,1,2,0,0,0,233.2,45,32,1.29,0.978,,,1,16
400067,Carlos Silva,417,1,96,4,11,3,9,12,FreeAgent,1,3,0,0,0,180.1,33,20,0.92,1,,,1,16
122784,Shannon Stewart,147,2,106,7,8,11,7,9,FreeAgent,7,174,2,3,21,286,62,3,1.79,0.9839999999999999,,,1,116
150244,Jason Tyner,268,1,102,8,10,12,8,9,FreeAgent,7,218,0,4,29,433,134,4,2.599607390300231,,,,3,60
124185,Rondell White,175,2,117,6,4,9,12,10,Active,7,337,7,1,32,286,57,0,1.5,1,,,1,126
110029,Bobby Abreu,1,3,162,10,12,12,12,11,FreeAgent,9,548,15,30,98,1299,305,10,1.9466589684372595,,,,2,134
430841,Colter Bean,691,1,16,1,9,3,9,9,Reassigned,1,0,0,0,0,2,0,0,0,,,,1,16
430663,Brian Bruney,679,1,5,1,12,3,9,6,Active,1,,,,,20.2,3,2,0.16,1,,,1,16
466320,Melky Cabrera,954,2,131,9,11,10,8,10,Active,7,460,7,12,75,1090.4,259,12,2.004268158473954,0.9925559845559846,,,3,120
429664,Robinson Cano,618,3,186,13,12,10,9,11,Active,4,482,15,5,62,1009,572,333,4.77,0.9839999999999999,,,1,139
276336,Shawn Chacon,339,2,40,1,10,8,9,5,Traded,1,15,0,0,2,109,21,17,0.7684403669724771,0.9523809523809523,,,1,16
136734,Octavio Dotel,228,1,16,1,11,4,9,6,FreeAgent,1,,,,,10,2,2,0.14,1,,,1,16
150035,Kyle Farnsworth,241,1,16,1,13,4,8,8,Traded,1,0,0,0,0,66,10,7,0.14,1,,,1,16
114031,Sal Fasano,51,2,109,4,8,8,8,11,FreeAgent,2,189,5,0,12,517.4,408,35,5.3405141090065715,0.9902794117647059,35,11,1,133
430675,Sean Henn,685,1,29,1,11,3,6,6,Active,1,,,,,9.1,2,2,0.5,1,,,1,16
116539,Derek Jeter,78,2,162,13,10,12,13,11,Active,6,623,14,34,118,1292.1,610,381,3.97,0.975,,,1,128
116615,Randy Johnson,79,1,13,1,12,4,9,7,Traded,1,6,0,0,0,205,29,26,0.85,0.966,,,1,16
444371,Jeff Karstens,821,1,16,1,10,3,5,1,Active,1,,,,,42.2,11,6,1.25,0.909,,,1,16
425686,Hideki Matsui,583,2,130,7,10,9,11,10,Active,7,172,8,1,32,289,84,1,2.31,0.9880000000000001,,,1,166
119608,Mike Mussina,108,1,0,2,10,4,8,12,Active,1,4,0,0,0,197.1,25,22,0.78,1,,,1,16
119624,Mike Myers,109,1,16,1,8,4,9,6,Released,1,0,0,0,0,30.2,7,7,0.11,1,,,1,16
408242,Wil Nieves,508,1,83,4,6,5,6,9,Signed,2,6,0,0,0,19,16,1,2.67,1,2,1,1,60
132260,Sidney Ponson,186,1,68,1,10,6,9,2,Released,1,13,0,0,1,84.30000000000001,15,9,0.7537129300118625,0.9336000000000001,,,1,16
120691,Jorge Posada,121,3,176,8,10,5,9,10,Active,2,465,23,3,65,1053.1,866,68,6.367522552464153,0.9900230946882217,64,38,1,172
429984,Scott Proctor,643,1,16,1,12,3,9,9,Traded,1,0,0,0,0,102.1,13,9,0.16,1,,,1,16
434480,Darrell Rasner,743,1,29,1,9,3,6,6,Active,1,,,,,20.1,4,4,0.67,1,,,1,16
121250,Mariano Rivera,127,1,0,1,12,4,9,8,Active,1,1,0,0,0,75,25,18,0.4,1,,,1,16
121347,Alex Rodriguez,128,3,190,9,13,8,11,10,Active,6,572,35,15,113,1287.2,382,262,2.37,0.937,,,1,190
122111,Gary Sheffield,139,2,118,6,8,8,10,8,Traded,9,151,6,5,22,222,101,4,3.0964864864864863,0.9801584158415841,,,1,155
445224,Matt Smith,833,1,16,1,10,3,6,6,Traded,1,0,0,0,0,20.2,5,3,0.22445544554455446,1,,,1,16
122803,Kelly Stinnett,148,2,96,3,8,8,9,9,Waived,2,91,1,0,6,261.2,222,15,5.328912710566616,0.986599099099099,23,8,1,60
122915,Tanyon Sturtze,149,1,16,1,11,4,9,1,FreeAgent,1,,,,,10.2,2,0,0.060000000000000005,0.5,,,1,16
453911,Kevin Thompson,893,2,100,5,5,8,5,9,Active,9,30,1,2,5,82,22,0,1.5548780487804879,1,,,3,60
407842,Jose Veras,472,1,16,1,12,3,5,6,Active,1,,,,,11,1,1,0.08,1,,,1,16
123725,Ron Villone,165,1,16,1,10,4,8,5,NRI,1,0,0,0,0,80.1,22,19,0.3,0.955,,,1,16
346852,Craig Wilson,399,3,144,6,11,7,9,11,FreeAgent,3,359,17,1,53,789.1,644,30,6.141590419465213,0.9953509316770186,,,1,168
124605,Jaret Wright,180,1,0,1,11,4,8,6,Traded,1,3,0,0,0,140.1,24,18,0.77,0.9579999999999999,,,1,16
430599,Joe Blanton,663,1,0,1,10,3,9,1,Traded,1,2,0,0,0,194.1,31,14,0.84,0.871,,,1,16
150396,Milton Bradley,290,3,149,8,8,8,11,11,Active,8,351,14,10,53,802.2,199,4,2.07,0.9800000000000001,,,1,155
425606,Kiko Calero,570,1,5,1,10,3,9,1,Active,1,0,0,0,0,58,7,5,0.09,0.857,,,1,16
433586,Santiago Casilla,729,1,16,1,8,3,9,1,Active,1,,,,,2.1,2,1,0.5,0.5,,,1,16
136767,Eric Chavez,229,3,157,6,14,10,14,13,Active,5,485,22,3,74,1165.2,391,281,2.88,0.9869999999999999,,,1,164
425853,Bobby Crosby,603,2,114,5,10,10,12,10,Active,6,358,9,8,42,828,425,268,4.35,0.972,,,1,131
407113,Justin Duchscherer,445,1,16,1,10,4,8,7,Active,1,0,0,0,0,55.2,16,12,0.3,1,,,1,16
407885,Mark Ellis,482,3,135,7,7,11,11,12,Active,4,441,11,4,64,1073,633,357,5.1084808946877915,0.9970047393364929,,,1,131
446939,Ron Flores,841,1,0,1,9,3,7,6,Active,1,1,0,0,0,29.2,3,2,0.12000000000000001,1,,,1,16
429985,Chad Gaudin,644,1,29,1,11,3,8,1,Active,1,0,0,0,0,64,8,3,0.13,0.875,,,1,16
425848,Rich Harden,601,1,29,1,12,3,9,7,Active,1,,,,,46.2,13,7,1.44,1,,,1,16
430681,Dan Johnson,686,2,123,5,11,5,8,12,Active,3,286,9,0,30,714.2,757,64,8.86,0.995,,,0,139
116974,Jason Kendall,83,2,117,10,11,7,9,13,Traded,2,552,1,11,76,1254,983,54,6.94,0.995,71,31,1,99
406773,Joe Kennedy,441,1,67,2,10,4,8,7,Waived,1,,,,,35,4,3,0.1,1,,,1,16
282878,Bobby Kielty,374,2,130,7,10,9,9,10,Active,9,270,8,2,35,590.2,140,3,1.8545645543883424,0.993057142857143,,,2,137
117276,Mark Kotsay,88,2,135,8,13,8,11,6,Active,8,502,7,6,57,1071,319,6,2.3662184873949577,0.9873573667711598,,,1,119
117842,Esteban Loaiza,92,2,0,2,10,5,9,5,Active,1,5,0,0,0,154.2,21,15,0.77,0.9519999999999998,,,1,16
282597,Adam Melhuse,372,2,107,4,8,8,14,9,Active,2,128,4,0,10,218.2,154,16,5.602163153070577,1,17,10,2,139
425452,Mike Rouse,538,2,98,5,8,7,6,8,Waived,4,24,0,1,2,60,25,16,3.57,1,,,1,60
424164,Kirk Saarloos,525,1,5,1,9,3,9,10,Traded,1,,,,,121.1,36,27,1.03,1,,,1,16
340192,Marco Scutaro,390,2,124,7,8,10,11,8,Traded,6,365,5,5,52,957.4000000000001,458,282,3.7751075830373932,0.9717598253275108,,,4,118
434718,Huston Street,776,1,16,1,11,3,4,1,Active,1,0,0,0,0,70.2,13,8,0.16,0.846,,,1,16
430897,Nick Swisher,694,4,183,7,12,8,11,10,Traded,9,556,35,1,106,1359.2,895,47,5.128254855797528,0.9910424581005586,,,3,193
124482,Jay Witasick,178,1,16,1,11,4,9,6,Released,1,0,0,0,0,22.2,3,1,0.15,1,,,1,16
217096,Barry Zito,319,1,0,1,9,4,9,7,FreeAgent,1,3,0,0,0,221,26,18,0.74,0.962,,,1,16
134181,Adrian Beltre,207,3,164,8,8,8,11,12,Active,5,620,25,11,88,1359,474,323,2.957821927888153,,,,2,156
435358,Yuniesky Betancourt,806,2,135,9,12,12,8,10,Active,6,558,8,11,68,1374.1,701,430,4.34,0.9709999999999999,,,1,119
400021,Joe Borchard,412,2,121,5,12,9,8,9,Waived,9,239,10,0,33,427.1,117,8,1.5634839616014984,0.9827008547008547,,,3,159
407777,Ben Broussard,456,3,170,9,12,8,7,9,Traded,3,432,21,2,61,641.2,720,59,7.8981784154709915,0.9874833333333334,,,0,170
425785,Greg Dobbs,590,2,100,5,9,8,10,9,Waived,5,27,0,0,4,14.1,12,0,2.077517730496454,1,,,2,60
456387,Ryan Feierabend,907,1,16,1,10,3,4,6,Active,1,,,,,17,5,2,1.25,1,,,1,16
434958,Sean Green,783,1,16,1,10,3,7,7,NRI,1,0,0,0,0,32,4,3,0.17,1,,,1,16
115216,Eddie Guardado,65,1,16,1,10,4,8,7,Traded,1,0,0,0,0,37,4,3,0.08702702702702703,,,,1,16
433587,Felix Hernandez,730,1,0,1,12,3,4,12,Active,1,4,0,0,0,191,41,25,1.32,1,,,1,16
435679,Jon Huber,817,1,16,1,10,3,6,6,Active,1,,,,,16.2,5,2,0.31,1,,,1,16
116380,Raul Ibanez,76,3,181,9,12,9,11,13,FreeAgent,7,626,33,2,103,1396.2,314,11,1.99,0.994,,,1,178
462945,Cesar Jimenez,948,1,16,1,10,3,5,5,Active,1,,,,,7.1,0,0,0,,,,1,16
492706,Kenji Johjima,962,3,165,9,11,7,8,12,Active,2,506,18,3,61,1172.2,947,58,6.53,0.993,57,29,1,146
455751,Bobby Livingston,899,1,16,1,9,3,6,6,Waived,1,,,,,5,2,1,0.67,1,,,1,16
430946,Jose Lopez,706,2,126,9,8,12,9,9,Active,4,603,10,5,78,1322,715,417,4.66,0.978,,,1,122
450275,Mark Lowe,859,1,16,1,12,3,4,1,IL,1,,,,,18.2,2,1,0.07,0.5,,,1,16
421024,Julio Mateo,519,1,16,1,10,3,8,1,Active,1,0,0,0,0,53.2,6,4,0.1,0.8329999999999999,,,1,16
219194,Gil Meche,326,1,0,1,12,4,9,7,FreeAgent,1,4,0,0,0,186.2,32,18,0.97,0.969,,,1,16
119469,Jamie Moyer,107,1,38,2,8,4,9,6,Traded,1,21,0,0,1,211.1,50,36,1.4554381809568926,0.96,,,1,16
334492,Joel Pineiro,389,1,0,1,10,4,9,11,FreeAgent,1,4,0,0,0,165.2,36,12,0.9000000000000001,1,,,1,16
407816,J.J. Putz,464,1,16,1,12,3,9,1,Active,1,0,0,0,0,78.1,10,7,0.13,0.9,,,1,16
122027,Richie Sexson,138,4,182,8,10,6,10,14,Released,3,591,34,1,75,1310.1,1349,110,8.97,0.997,,,0,185
430941,George Sherrill,705,1,16,1,10,3,9,7,Traded,1,0,0,0,0,40,7,7,0.1,1,,,1,16
400089,Rafael Soriano,420,1,16,1,11,3,9,8,Traded,1,0,0,0,0,60,5,3,0.09,1,,,1,16
132220,Jarrod Washburn,185,1,0,1,10,4,8,12,Active,1,2,0,0,0,187,31,24,1,1,,,1,16
430646,Jake Woods,676,1,16,1,10,3,6,9,Active,1,0,0,0,0,105,15,9,0.41,1,,,1,16
408306,Rocco Baldelli,513,3,157,9,12,12,8,8,Active,8,364,16,10,59,749.1,239,6,2.57,0.979,,,1,162
137140,Russell Branyan,236,3,148,5,10,8,6,9,Traded,5,241,18,2,37,587.4000000000001,160,39,1.7030694586312562,0.9436062499999999,,,3,210
425861,Shawn Camp,605,1,16,1,10,3,9,5,Active,1,0,0,0,0,75,20,13,0.25,0.95,,,1,16
400125,Jesus Colome,426,1,16,1,12,4,8,7,Released,1,,,,,0.1,0,0,0,,,,1,16
434898,Tim Corcoran,781,1,0,1,11,3,5,9,Active,1,4,0,0,0,90.1,17,10,0.8099999999999999,1,,,1,16
407154,Casey Fossum,446,1,0,1,10,4,9,6,Released,1,2,0,0,0,130,28,21,1.08,0.9639999999999999,,,1,16
431157,Joey Gathright,718,2,77,6,8,12,8,11,Traded,8,383,1,22,59,1016.2,349,5,2.671027356819524,0.991810888252149,,,1,102
150134,Toby Hall,253,2,125,6,8,5,8,11,Traded,2,278,8,0,17,629,428,30,5.205532591414944,,42,16,2,135
424805,Mark Hendrickson,529,1,0,1,10,3,9,1,Traded,1,19,0,0,1,164.2,29,22,0.8927283800243607,0.8963103448275863,,,1,16
434442,J.P. Howell,742,1,5,1,9,3,4,7,Active,1,,,,,42.1,11,7,1.38,1,,,1,16
429719,Edwin Jackson,631,1,48,1,12,3,9,7,Active,1,0,0,0,0,36.1,6,3,0.26,1,,,1,16
431148,Scott Kazmir,716,1,0,1,11,3,8,3,Active,1,3,0,0,0,144.2,17,11,0.67,0.941,,,1,16
150061,Julio Lugo,244,2,138,8,13,11,11,8,Traded,6,435,12,24,69,941.3000000000001,487,304,3.7712206522893865,,,,5,134
425843,Ruddy Lugo,599,1,16,1,11,3,7,8,Active,1,0,0,0,0,85,18,9,0.28,1,,,1,16
425900,Dioner Navarro,610,2,115,6,8,6,8,9,Active,2,268,6,2,28,653.2,524,37,6.61760257195346,0.9845038167938931,48,20,1,128
119853,Greg Norton,111,3,161,8,4,8,4,9,Active,5,294,17,1,47,396.1,209,10,3.621795001262307,0.9856459330143541,,,2,186
435378,Chad Orvella,807,1,16,1,11,3,5,6,Active,1,,,,,24.1,4,2,0.18,1,,,1,16
150331,Josh Paul,282,2,103,6,8,6,9,12,Active,2,146,1,1,15,401.1,325,24,6.234417850909997,,43,12,2,110
457493,Shawn Riggans,921,2,76,2,8,4,9,9,Active,2,29,0,0,3,67.1,60,4,7.5,1,0,3,1,60
466838,Juan Salas,955,1,16,1,11,3,5,6,Active,1,,,,,10,5,3,0.63,1,,,1,16
448306,James Shields,847,1,97,1,10,3,6,10,Active,1,8,0,0,2,124.2,29,15,1.38,1,,,1,16
425530,Brian Stokes,554,1,16,1,11,3,7,6,Traded,1,,,,,24,3,2,0.6,1,,,1,16
408304,Jon Switzer,511,1,16,1,10,3,9,7,Active,1,0,0,0,0,33.2,3,2,0.08,1,,,1,16
425834,B.J. Upton,596,2,94,5,13,12,11,8,Active,8,175,1,11,20,412.2,139,88,2.52,0.906,,,1,109
421064,Ty Wigginton,520,3,177,8,8,7,9,8,Traded,5,444,24,4,55,1015.6,620,209,4.513886372587634,0.9870403225806454,,,4,180
430321,Delmon Young,650,2,113,6,11,11,4,9,Traded,7,126,3,2,16,260.1,59,4,1.8676662821991539,0.9832203389830508,,,2,129
450314,Ben Zobrist,863,2,97,5,12,8,8,8,Active,4,183,2,2,10,440.2,243,148,4.5,0.963,,,1,115
110134,Antonio Alfonseca,2,1,16,1,11,4,9,6,Released,1,,,,,16,4,3,0.21,1,,,1,16
435078,Joaquin Arias,793,2,99,5,10,8,8,8,Active,5,11,0,0,4,28,20,13,3.5714285714285716,1,,,2,60
150148,Rod Barajas,255,2,135,7,10,7,9,9,FreeAgent,2,344,11,0,49,837,651,36,6.60752688172043,0.98436866359447,38,19,1,140
276542,Joaquin Benoit,355,1,5,1,12,8,9,8,Active,1,0,0,0,0,79.2,8,4,0.14,1,,,1,16
408213,Hank Blalock,502,2,139,8,8,6,11,11,Active,5,591,16,1,76,1062.2,321,237,2.53,0.963,,,1,133
466983,Fabio Castro,957,1,0,1,11,3,4,1,Traded,1,2,0,0,0,31.200000000000003,7,6,0.3149038461538461,0.8571428571428571,,,1,16
150188,Francisco Cordero,260,1,16,1,13,4,9,8,Traded,1,0,0,0,0,74.4,11,6,0.14126344086021503,1,,,1,16
443558,Nelson Cruz,819,2,126,4,8,6,6,6,Active,10,130,6,1,15,313.1,73,4,1.8832066432449697,,,,3,165
284566,Adam Eaton,378,2,71,3,11,11,9,8,FreeAgent,1,,,,,65,9,5,0.69,1,,,1,16
444857,Scott Feldman,823,1,16,1,10,3,4,1,Active,1,0,0,0,0,41.1,15,11,0.33,0.8,,,1,16
407911,Frank Francisco,487,1,16,1,12,3,9,6,Active,1,,,,,7.1,2,0,0.25,1,,,1,16
435079,Ian Kinsler,794,3,154,9,8,9,6,8,Active,4,423,14,11,65,1032,658,393,5.38,0.9730000000000001,,,1,142
425655,John Koronka,578,1,0,1,10,3,9,10,Reassigned,1,6,0,0,0,125,15,11,0.65,1,,,1,16
408042,Gerald Laird,490,2,124,7,11,8,9,9,Active,2,243,7,3,46,580.1,428,30,5.9195207722806416,,25,21,2,135
150324,Carlos Lee,281,3,197,10,10,6,6,10,FreeAgent,7,624,37,19,102,1258.2,238,5,1.5570688284851377,0.9747142857142856,,,1,188
452725,Wes Littleton,884,1,16,1,11,3,4,7,Active,1,,,,,36.1,8,7,0.24,1,,,1,16
434180,Kameron Loe,738,1,16,1,10,3,8,1,Active,1,,,,,78.1,16,11,0.93,0.875,,,1,16
434665,Nick Masset,767,1,16,1,12,3,6,6,Traded,1,0,0,0,0,8.2,3,3,0.38,1,,,1,16
407891,Kevin Mench,483,3,146,8,8,7,9,11,Traded,7,446,13,1,45,895.4,198,4,1.7648760330578512,0.989909090909091,,,2,136
119154,Kevin Millwood,103,1,0,1,11,4,9,13,Active,1,5,0,0,0,215,42,29,1.2400000000000002,1,,,1,16
425556,Laynce Nix,564,2,85,2,8,11,11,9,Traded,8,67,1,0,3,154.3,43,2,2.392093324692158,1,,,1,60
430788,Akinori Otsuka,687,1,5,1,11,3,8,1,Active,1,0,0,0,0,59.2,14,10,0.21,0.929,,,1,16
218894,Vicente Padilla,325,2,0,1,12,7,9,8,Active,1,1,0,0,0,200,35,22,1.03,0.971,,,1,16
425850,John Rheinecker,602,1,16,1,10,3,6,8,Active,1,0,0,0,0,70.2,22,20,1.05,1,,,1,16
122195,Brian Shouse,140,1,16,1,10,4,8,1,Waived,1,0,0,0,0,38.1,14,10,0.20506561679790025,0.9288571428571429,,,1,16
407893,Mark Teixeira,484,3,182,9,14,9,12,14,Active,3,628,33,2,99,1399,1572,88,9.86,0.9970000000000001,,,0,177
434565,Robinson Tejeda,748,2,0,1,12,5,7,1,Active,1,2,0,0,0,73.2,11,7,0.71,0.909,,,1,16
123955,John Wasdin,171,1,5,1,10,4,9,6,Released,1,,,,,30,2,1,0.22,1,,,1,16
150337,Kip Wells,283,1,36,3,11,8,8,7,FreeAgent,1,11,0,0,0,44.1,4,3,0.4426984126984127,1,,,1,16
150415,Brad Wilkerson,296,3,135,5,11,12,6,10,Active,7,320,15,3,56,686.1,151,7,1.8120288587669438,,,,3,167
450351,C.J. Wilson,864,1,29,1,11,3,6,7,Active,1,0,0,0,0,44.1,7,7,0.16,1,,,1,16
435618,Jeremy Accardo,814,1,0,1,12,3,4,8,Active,1,5,0,0,0,68.3,14,12,0.21412884333821378,1,,,1,16
150359,A.J. Burnett,286,2,0,1,12,5,8,6,Active,1,3,0,0,0,135.2,23,16,1.05,0.957,,,1,16
112131,Frank Catalanotto,28,2,144,10,12,9,14,7,FreeAgent,7,437,7,1,56,768,154,10,1.5057291666666668,0.9935064935064936,,,2,121
407860,Gustavo Chacin,477,1,5,1,10,3,8,9,Active,1,,,,,87.1,12,8,0.71,1,,,1,16
425562,Vinnie Chulk,567,1,0,1,12,3,8,7,Traded,1,1,0,0,0,46.1,8,5,0.171236442516269,1,,,1,16
275933,Scott Downs,335,1,29,1,10,4,9,8,Active,1,0,0,0,0,77,21,15,0.36,1,,,1,16
430630,Jason Frasor,667,1,16,1,11,3,8,1,Active,1,0,0,0,0,50,13,8,0.24,0.923,,,1,16
136267,Troy Glaus,215,4,191,7,8,7,10,10,Active,5,540,38,3,105,1230.1,403,289,2.536125518250549,0.9651116625310173,,,2,203
136880,Roy Halladay,233,1,0,1,11,4,9,10,Active,1,3,0,0,0,220,57,31,1.75,0.982,,,1,16
431094,Aaron Hill,714,2,131,9,8,10,6,8,Active,4,546,6,5,70,1340.1,728,475,4.115679426908439,0.9742362637362638,,,2,115
150167,Shea Hillenbrand,256,3,164,8,10,9,7,8,Traded,5,530,21,1,73,772.3000000000001,651,73,6.4133756312313865,0.9863947772657451,,,1,154
445163,Casey Janssen,831,1,0,1,10,3,4,9,Active,1,1,0,0,0,94,23,15,1.21,1,,,1,16
407862,Reed Johnson,479,2,159,11,11,12,11,11,Active,7,461,12,8,86,983.2,226,12,1.5763822213181449,0.9957566371681416,,,3,132
434181,Brandon League,739,1,16,1,12,3,8,1,Active,1,,,,,42.2,18,13,0.48,0.8889999999999999,,,1,16
150404,Ted Lilly,292,1,0,1,10,4,9,7,FreeAgent,1,3,0,0,0,181.2,32,24,0.97,0.969,,,1,16
452252,Adam Lind,879,2,110,6,4,6,4,8,Active,3,60,2,0,8,17,4,0,2,1,,,1,60
451788,Shaun Marcum,874,1,16,1,10,3,4,8,Active,1,0,0,0,0,78.1,12,10,0.57,1,,,1,16
150348,John McDonald,284,2,99,5,12,11,10,8,Active,6,260,3,7,35,709.2,376,246,3.638855047941343,,,,3,116
430661,Dustin McGowan,678,1,29,1,12,3,8,6,Active,1,,,,,27.1,4,0,0.25,1,,,1,16
134260,Bengie Molina,208,3,167,8,8,4,9,14,FreeAgent,2,433,19,1,44,842,664,48,6.69,0.9970000000000001,68,15,1,162
407489,Lyle Overbay,454,3,181,11,11,7,7,12,Active,3,581,22,5,82,1233,1459,93,10,0.9940000000000001,,,0,151
282993,Jason Phillips,375,2,99,5,4,5,9,5,Released,2,48,0,0,4,70,66,1,4.37,0.9847272727272726,7,0,1,60
425567,Alex Rios,569,3,178,10,11,12,12,11,Active,9,450,17,15,68,985,233,8,1.7892081218274112,0.9961201716738197,,,2,151
124805,B.J. Ryan,183,1,16,1,11,4,7,8,Active,1,0,0,0,0,72.1,13,12,0.2,1,,,1,16
150011,Scott Schoeneweis,238,1,16,1,10,4,9,7,Traded,1,0,0,0,0,51.2,13,7,0.18275390625,1,,,1,16
133221,Justin Speier,194,1,16,1,11,4,8,7,FreeAgent,1,0,0,0,0,51.1,9,5,0.16,1,,,1,16
346869,Josh Towers,403,1,80,1,10,4,9,1,NRI,1,5,0,0,1,62,14,6,0.87,0.929,,,1,16
150484,Vernon Wells,308,3,189,10,13,11,13,11,Active,8,611,32,17,91,1290.1,340,4,2.24,0.9880000000000001,,,1,177
124748,Gregg Zaun,182,3,143,7,8,5,9,12,Active,2,290,12,0,39,541.1,472,32,6.51,0.994,55,17,1,158
425628,Greg Aquino,572,1,0,1,12,3,9,7,Traded,1,1,0,0,0,48.1,11,6,0.26,1,,,1,16
110683,Miguel Batista,8,2,43,1,12,5,9,1,FreeAgent,1,60,0,0,3,206.1,50,34,1.35,0.92,,,1,16
112316,Tony Clark,30,4,186,3,11,5,11,11,FreeAgent,3,132,6,0,13,256.1,297,21,5.57,0.993,,,0,164
407297,Juan Cruz,450,1,0,1,12,4,9,1,Active,1,21,0,0,0,94.2,20,10,0.58,0.9,,,1,16
237800,Jeff DaVanon,331,2,123,7,6,12,9,6,Active,9,221,5,10,38,407.20000000000005,94,0,1.579656188605108,0.9786382978723404,,,3,128
452220,Stephen Drew,876,2,126,8,8,12,11,9,Active,6,209,5,2,27,480.1,228,149,3.98,0.9780000000000001,,,1,130
283051,Johnny Estrada,376,2,153,9,10,5,9,13,Traded,2,414,11,0,43,924.2,736,50,6.79,0.9960000000000001,66,27,1,133
114935,Luis Gonzalez,59,3,151,8,8,8,10,13,FreeAgent,7,586,15,0,93,1315,260,3,1.7299999999999998,0.9959999999999999,,,1,132
115094,Shawn Green,62,3,149,8,8,8,12,11,Traded,9,530,15,4,73,1219.1,339,7,2.2836969895824795,0.9852123893805309,,,1,135
430668,Scott Hairston,682,2,97,5,6,8,8,9,Traded,7,15,0,0,2,24.1,8,0,1.6,1,,,1,60
425631,Robby Hammock,575,2,97,4,4,4,4,10,Active,2,2,0,0,1,1,2,0,2,1,,,0,60
115817,Livan Hernandez,72,2,99,3,9,5,9,1,FreeAgent,1,68,1,0,6,215.29999999999998,53,33,1.440743149094287,0.924566037735849,,,1,16
133340,Orlando Hernandez,198,2,78,2,10,8,8,11,Traded,1,46,0,1,4,161.4,35,17,1.2056009913258983,1,,,1,16
407861,Orlando Hudson,478,3,153,9,12,12,14,11,Active,4,579,15,9,87,1349,833,510,5.22,0.984,,,1,132
433582,Conor Jackson,726,3,160,9,11,7,4,10,Active,3,485,15,1,75,1078.2,1203,81,9.23,0.99,,,0,138
406402,Jorge Julio,438,1,0,1,12,4,8,8,Traded,1,1,0,0,0,65.30000000000001,2,1,0.033843797856049004,,,,1,16
407193,Brandon Lyon,448,1,16,1,11,4,9,8,FreeAgent,1,0,0,0,1,69.1,9,8,0.13,1,,,1,16
430665,Brandon Medders,680,1,0,1,10,3,6,3,Active,1,2,0,0,0,71.2,17,8,0.27,0.941,,,1,16
471083,Miguel Montero,959,2,96,4,6,4,6,9,Active,2,16,0,0,0,40,40,4,8,1,3,1,1,60
430962,Dustin Nippert,710,1,0,1,12,3,6,6,Active,1,2,0,0,0,10,3,1,1.5,1,,,1,16
133460,Russ Ortiz,202,1,96,5,10,4,8,8,Released,1,6,0,0,1,62.3,13,8,0.6348475120385233,1,,,1,16
435041,Carlos Quentin,785,2,128,5,8,11,4,9,Active,7,166,9,1,23,400,102,3,2.201875,0.9801960784313726,,,2,180
460657,Doug Slaten,936,1,16,1,10,3,7,6,Active,1,0,0,0,0,5.2,2,2,0.22000000000000003,1,,,1,16
430965,Chris Snyder,712,2,119,6,12,5,9,12,Active,2,184,6,0,19,495,431,35,7.15,0.9949999999999999,21,17,1,141
429710,Chad Tracy,623,3,161,9,13,9,9,5,IL,5,597,20,5,91,1299.1,411,261,2.4850127011007626,0.9365206812652068,,,1,142
407878,Jose Valverde,480,1,16,1,12,3,9,7,Traded,1,0,0,0,0,49.1,2,1,0.05,1,,,1,16
282567,Claudio Vargas,371,2,51,1,11,3,9,3,Traded,1,51,0,0,1,167.2,33,21,1,0.939,,,1,16
150430,Luis Vizcaino,299,1,16,1,12,4,9,8,Traded,1,0,0,0,0,65.1,11,9,0.16,1,,,1,16
425630,Brandon Webb,574,2,57,2,10,5,9,5,Active,1,73,0,0,4,235,66,46,1.91,0.955,,,1,16
455759,Chris Young,901,2,101,5,7,11,6,9,Active,8,70,2,2,10,149.1,51,1,2.13,1,,,1,60
430632,Willy Aybar,669,2,119,7,6,6,5,9,Active,5,243,4,1,32,553.3,189,132,2.3144568949936746,0.9522063492063493,,,2,121
276056,Danys Baez,338,1,16,1,12,4,9,3,FreeAgent,1,0,0,0,0,59.2,17,9,0.2783108108108108,0.941529411764706,,,1,16
430641,Blaine Boyer,674,1,16,1,10,3,7,10,IL,1,0,0,0,0,0.2,0,0,0,,,,1,16
433578,Lance Cormier,723,1,33,1,10,3,8,8,Active,1,12,0,0,0,73.2,11,8,0.38,1,,,1,16
434678,Kyle Davies,771,2,69,1,10,3,6,8,Active,1,23,1,0,1,63.1,8,5,0.57,1,,,1,16
457733,Joey Devine,922,1,5,1,12,3,4,9,Active,1,0,0,0,0,6.1,0,0,0,,,,1,16
429841,Matt Diaz,639,2,137,9,8,12,13,10,Active,7,297,7,5,37,600.1,175,5,1.7424879186802202,0.9773942857142857,,,2,129
425796,Jeff Francoeur,592,3,156,7,13,11,10,9,Active,9,651,29,1,83,1424.2,339,13,2.0267771380424096,0.973079646017699,,,2,163
279578,Marcus Giles,365,2,134,8,8,10,10,10,FreeAgent,4,550,11,10,87,1149.2,637,368,4.67,0.9829999999999999,,,1,125
218596,Tim Hudson,324,2,41,1,10,7,9,13,Active,1,63,0,0,4,218.1,47,30,1.34,1,,,1,16
460580,Chuck James,935,1,2,1,10,3,4,10,Active,1,35,0,0,2,119,16,13,0.64,1,,,1,16
116662,Andruw Jones,80,4,199,8,14,9,14,12,FreeAgent,8,565,41,4,107,1317.1,384,4,2.5,0.995,,,1,207
116706,Chipper Jones,81,3,209,11,12,9,12,10,Active,5,411,26,6,87,888.1,282,177,2.51,0.9359999999999999,,,1,193
407798,Ryan Langerhans,461,2,118,6,8,12,14,11,Traded,7,315,7,1,46,827,199,2,1.5318500604594922,,,,3,128
425560,Adam LaRoche,566,4,202,9,10,6,8,13,Traded,3,492,32,0,89,1154.1,1219,97,8.55,0.996,,,0,196
434679,Anthony Lerew,772,1,16,1,10,3,6,9,Active,1,0,0,0,0,2,0,0,0,,,,1,16
434680,Macay McBride,773,1,16,1,10,3,6,7,Active,1,0,0,0,0,56.2,14,8,0.20000000000000004,1,,,1,16
435263,Brian McCann,804,3,205,12,8,5,9,10,Active,2,442,24,2,61,1016.1,826,39,6.59,0.989,70,21,1,180
493247,Peter Moylan,965,1,16,1,11,3,5,6,Active,1,0,0,0,0,15,1,1,0.07,1,,,1,16
406301,Chad Paronto,437,1,16,1,7,2,6,5,Active,1,1,0,0,0,56.2,10,8,0.15,1,,,1,16
430910,Brayan Pena,698,2,99,5,6,5,9,9,Active,2,41,1,0,9,74,33,3,2.084189189189189,1,3,0,2,60
445988,Martin Prado,835,2,98,5,8,11,6,6,Active,5,42,1,0,3,99,49,30,2.586161616161616,0.959,,,2,60
400141,Horacio Ramirez,430,1,37,2,10,5,9,6,Traded,1,24,0,0,2,76.1,31,20,2.14,0.968,,,1,16
277410,Chris Reitsma,360,1,5,1,11,4,9,6,FreeAgent,1,0,0,0,0,28,6,3,0.22,1,,,1,16
121074,Edgar Renteria,123,2,153,9,11,10,12,11,Active,6,598,14,17,100,1265.1,597,399,4,0.978,,,1,129
122477,John Smoltz,141,2,54,1,12,8,9,7,Active,1,64,0,0,5,232,55,33,1.51,0.964,,,1,16
407901,Jorge Sosa,485,2,102,1,12,3,7,10,Traded,1,24,3,0,4,117.3,11,10,0.20664109121909632,1,,,1,16
429801,Scott Thorman,637,2,112,5,6,8,4,10,Signed,3,128,5,1,13,248.1,142,10,3.6733655783958077,0.9931267605633803,,,1,153
425629,Oscar Villarreal,573,1,0,1,11,3,9,9,Traded,1,7,0,0,0,92.1,23,15,0.39999999999999997,1,,,1,16
124233,Bob Wickman,176,1,16,1,10,4,8,1,Active,1,0,0,0,0,54,11,6,0.15555555555555559,0.818,,,1,16
407884,Tyler Yates,481,1,29,1,12,3,9,7,Traded,1,0,0,0,0,50,8,7,0.14,1,,,1,16
430911,David Aardsma,699,1,0,1,12,3,9,7,Traded,1,2,0,0,0,53,6,5,0.13,1,,,1,16
136664,Michael Barrett,223,3,171,9,8,11,9,12,Traded,2,375,16,0,54,852,774,42,7.54,0.994,89,21,1,160
111072,Henry Blanco,12,2,120,6,11,6,8,11,Active,2,241,6,0,23,573,539,37,7.1705933682373475,0.9981372912801484,24,18,1,131
425503,Freddie Bynum,549,2,111,5,8,12,5,5,Traded,6,136,4,8,20,229.4,100,32,2.8695379250217963,0.93035,,,4,136
430592,Ronny Cedeno,660,2,107,6,14,12,10,8,Active,6,534,6,8,51,1255.4,602,394,3.873541500716903,0.9580897009966777,,,2,115
133225,Ryan Dempster,195,1,0,1,11,4,9,1,Active,1,2,0,0,0,75,12,8,0.15,0.9170000000000001,,,1,16
113961,Scott Eyre,50,1,0,1,10,4,8,8,Active,1,1,0,0,0,61.1,9,8,0.12,1,,,1,16
425768,Angel Guzman,585,2,57,1,12,3,6,7,Active,1,12,0,0,0,56,8,5,0.53,1,,,1,16
448179,Rich Hill,844,2,36,1,10,3,5,1,Active,1,30,0,0,0,99.1,10,7,0.53,0.9,,,1,16
133982,Bob Howry,203,1,96,1,11,4,8,8,FreeAgent,1,1,0,0,0,76.2,9,5,0.10999999999999999,1,,,1,16
285131,Cesar Izturis,381,2,100,5,10,12,9,8,Traded,6,192,1,1,14,433.2,186,130,3.458019390581718,0.9678494623655913,,,3,108
117601,Derrek Lee,89,2,160,7,13,8,13,9,Active,3,175,8,8,30,393.2,401,26,8.43,0.988,,,0,165
118065,John Mabry,96,2,103,3,10,6,9,9,FreeAgent,7,210,5,0,16,396.3,356,30,6.051256623769872,0.9942191011235956,,,3,129
118120,Greg Maddux,97,2,59,1,9,5,9,13,Traded,1,68,0,2,3,209.3,66,52,1.9395078834209267,1,,,1,16
461791,Carlos Marmol,940,2,99,5,12,3,6,1,Active,1,23,1,0,3,77,13,7,0.53,0.769,,,1,16
445156,Sean Marshall,830,2,72,1,10,8,5,6,Active,1,40,1,0,3,125.2,25,21,1,0.96,,,1,16
462940,Juan Mateo,946,1,0,1,10,8,5,7,Active,1,12,0,0,1,45.2,5,5,0.45000000000000007,1,,,1,16
150063,Wade Miller,245,1,57,2,10,4,9,6,Active,1,7,0,0,0,21.2,6,5,1.2,1,,,1,16
444875,Matt Murton,825,2,150,10,10,11,7,12,Active,7,455,13,5,70,1049,246,3,1.83,0.988,,,1,135
349193,Will Ohman,408,1,80,1,11,8,9,8,Active,1,1,0,0,0,65.1,5,3,0.06,1,,,1,16
434636,Angel Pagan,756,2,109,5,10,12,4,9,Active,8,170,5,4,28,348.29999999999995,89,2,1.4751306345104798,0.9889101123595506,,,3,136
120413,Neifi Perez,118,2,98,6,12,11,11,9,Traded,6,301,2,1,31,669.2,361,211,3.4911267184698143,,,,3,110
334393,Juan Pierre,388,2,112,9,8,14,13,14,FreeAgent,8,699,3,58,87,1426,384,5,2.37,1,,,1,106
133380,Aramis Ramirez,201,4,202,9,8,7,11,12,Active,5,594,38,2,93,1353,375,252,2.32,0.965,,,1,194
444135,Ryan Theriot,820,2,118,7,8,11,6,5,Active,6,134,3,13,34,299.2,132,64,3.1405614973262033,,,,3,128
123842,Todd Walker,170,2,141,8,8,7,11,8,Traded,4,442,9,2,56,919.5999999999999,598,176,4.957812092214006,0.9783327759197327,,,2,125
425532,Jerome Williams,555,2,0,1,10,8,9,1,Waived,1,2,0,0,0,12.1,2,1,0.2,0.5,,,1,16
150182,Scott Williamson,258,1,16,1,10,4,9,7,Traded,1,0,0,0,0,39.1,13,8,0.3059335038363172,1,,,1,16
134268,Kerry Wood,209,2,97,2,11,4,7,1,Active,1,6,0,0,0,19.2,3,1,0.5,0.6670000000000001,,,1,16
430900,Michael Wuertz,695,1,5,1,10,3,9,1,Active,1,0,0,0,0,40.2,6,3,0.11999999999999998,0.8329999999999999,,,1,16
407296,Carlos Zambrano,449,2,105,2,12,8,9,1,Active,1,73,6,1,9,214,49,33,1.36,0.918,,,1,16
276520,Bronson Arroyo,352,2,77,1,10,8,9,14,Active,1,81,2,0,5,240.2,62,33,1.77,1,,,1,16
279571,Matt Belisle,363,1,0,1,11,3,8,7,Active,1,5,0,0,0,40,6,5,0.2,1,,,1,16
435538,Bill Bray,811,1,0,1,10,3,4,1,Active,1,1,0,0,0,50.2,8,6,0.14916334661354583,0.875,,,1,16
112128,Juan Castro,27,2,110,6,12,8,12,9,Active,6,251,3,1,18,619.2,309,207,3.488569121447028,0.9739093851132685,,,3,116
112381,Royce Clayton,31,2,108,7,12,9,12,9,FreeAgent,6,454,2,14,49,1054.3,528,340,3.9590543488570615,0.9662045454545455,,,1,106
434298,Todd Coffey,740,1,5,1,11,3,5,8,Active,1,0,0,0,0,78,9,7,0.11,1,,,1,16
112690,Rheal Cormier,35,1,5,3,9,4,9,7,Released,1,0,0,0,0,48,20,13,0.3175,1,,,1,16
456121,Chris Denorfia,906,2,103,6,7,8,4,9,Active,9,106,1,1,14,230.2,60,2,1.8908644656820157,1,,,3,114
276055,Adam Dunn,337,4,185,6,14,6,6,5,Traded,7,561,40,7,99,1338,315,8,1.90839312406577,0.9589746031746031,,,1,205
429665,Edwin Encarnacion,619,3,160,8,12,9,9,9,Active,10,406,15,6,60,940.1,305,197,2.4597213062440164,0.9184786885245902,,,1,149
211041,Ryan Franklin,313,1,0,1,10,4,9,2,FreeAgent,1,4,0,0,0,77.1,15,10,0.21186770428015567,0.9336000000000001,,,1,16
115216,Eddie Guardado,65,1,16,1,10,4,8,7,NRI,1,0,0,0,0,37,4,3,0.08702702702702703,,,,1,16
421685,Aaron Harang,523,1,39,1,11,8,9,6,Active,1,74,0,0,1,234.1,46,31,1.22,0.957,,,1,16
430593,Brendan Harris,661,2,99,5,10,4,9,6,Traded,6,42,1,0,5,80.1,35,19,2.248439450686642,0.9714,,,3,60
115608,Scott Hatteberg,69,3,153,9,11,6,7,13,Released,3,456,13,2,62,1088.2,1075,69,8.18,0.996,,,0,135
440361,Norris Hopper,818,2,101,5,6,11,4,9,Signed,8,39,1,2,6,87,29,2,1.8045977011494252,1,,,3,60
150178,Jason LaRue,257,2,110,3,11,5,9,12,Traded,2,191,8,1,22,512.1,414,38,6.54,0.995,23,13,1,159
346798,Kyle Lohse,394,2,64,2,11,8,9,10,Traded,1,23,0,0,2,126.2,36,24,1.273851030110935,1,,,1,16
150479,Felipe Lopez,306,2,129,8,8,10,10,7,Traded,6,617,11,44,98,1336.3000000000002,604,389,3.721558033375739,0.9537350993377484,,,1,123
400008,Gary Majewski,409,1,0,1,11,3,9,2,Active,1,3,0,0,0,70.1,15,9,0.2178601997146933,0.9332666666666667,,,1,16
132980,Eric Milton,191,2,96,4,10,6,9,11,Active,1,49,0,0,8,152.2,24,19,0.92,1,,,1,16
408252,Brandon Phillips,509,3,150,8,10,7,10,5,Active,4,536,17,25,65,1231.1,686,337,4.63918284461051,0.9757099125364431,,,2,139
430579,Elizardo Ramirez,654,2,72,1,10,8,8,9,Active,1,26,0,0,2,104,19,12,0.9000000000000001,1,,,1,16
425496,Cody Ross,547,3,130,5,8,11,5,9,Traded,9,269,13,1,34,593.4000000000001,135,3,1.4437377822716546,,,,3,170
424325,David Ross,527,3,161,6,11,8,9,9,Active,2,247,21,0,37,620.2,521,33,6.840000000000001,0.9849999999999999,17,14,1,227
150011,Scott Schoeneweis,238,1,16,1,10,4,9,7,FreeAgent,1,0,0,0,0,51.2,13,7,0.18275390625,1,,,1,16
123609,Javier Valentin,161,2,124,6,8,9,7,7,FreeAgent,2,186,8,0,24,313.3,273,20,5.723357804021704,0.9741904761904763,10,8,1,161
124000,David Weathers,172,1,0,1,10,4,9,1,Active,1,1,0,0,0,73.2,6,3,0.07,0.8329999999999999,,,1,16
124184,Rick White,174,1,5,1,11,4,9,8,Waived,1,0,0,0,0,64.2,17,16,0.2690965732087227,1,,,1,16
400063,Dave Williams,416,1,42,1,9,4,8,8,Traded,1,21,0,0,1,69,19,18,1.3613043478260871,1,,,1,16
346793,Jeremy Affeldt,392,1,0,1,12,3,8,2,FreeAgent,1,3,0,0,0,97.1,15,13,0.24232749742533474,0.9332666666666666,,,1,16
425548,Garrett Atkins,561,3,198,12,8,9,9,10,Active,5,602,29,4,117,1386.1,408,286,2.447186350191184,0.9535759803921567,,,1,169
425557,Jeff Baker,565,2,116,6,6,10,5,9,Active,4,57,5,2,13,90.1,16,1,1.129966703662597,1,,,2,60
425549,Clint Barmes,562,2,111,4,12,11,10,9,Active,6,478,7,5,57,1086.2,592,380,4.477444301233659,0.9695760135135135,,,2,119
429714,Denny Bautista,627,1,0,1,13,3,9,7,Active,1,1,0,0,0,41.2,13,6,1.311893203883495,1,,,1,16
425206,Jamey Carroll,534,2,130,10,13,12,10,10,Traded,4,463,5,10,84,984.2,632,429,5.107915057915059,0.992227848101266,,,3,115
346871,Aaron Cook,404,1,21,1,11,8,8,8,Active,1,58,0,0,1,212.2,69,45,2.09,0.971,,,1,16
466918,Manny Corpas,956,1,16,1,11,3,6,7,Active,1,0,0,0,0,32.1,4,3,0.11,1,,,1,16
150319,Josh Fogg,280,2,37,1,10,4,8,1,Active,1,51,0,0,5,172,43,29,1.29,0.93,,,1,16
433585,Jeff Francis,728,1,41,1,10,3,9,13,Active,1,61,0,0,3,199,42,38,1.31,1,,,1,16
150118,Brian Fuentes,250,1,16,1,10,4,9,1,Active,1,0,0,0,0,65.1,8,6,0.11,0.875,,,1,16
430618,Justin Hampson,666,1,0,1,10,3,7,5,Waived,1,3,0,0,2,12,0,0,0,,,,1,16
425547,Brad Hawpe,560,3,178,9,12,10,6,12,Active,9,499,22,5,67,1197.2,300,16,2.04,0.9870000000000001,,,1,162
115732,Todd Helton,71,3,165,10,13,8,11,14,Active,3,546,15,3,94,1272.1,1458,87,10.03,0.997,,,0,134
407812,Matt Holliday,463,3,206,12,8,12,9,11,Active,7,602,34,10,119,1334.1,291,8,1.86,0.979,,,1,184
455104,Chris Iannetta,897,2,105,5,6,6,6,10,Active,2,77,2,0,12,191.2,147,8,7,1,18,3,1,60
407298,Jason Jennings,451,2,55,1,10,8,9,9,Traded,1,62,0,0,3,212,40,25,1.22,0.975,,,1,16
150037,Ray King,242,1,0,1,11,4,8,7,FreeAgent,1,1,0,0,0,44.2,8,4,0.12,1,,,1,16
430565,Kazuo Matsui,652,2,108,6,11,12,10,9,Active,4,243,3,10,32,489,286,159,5.147443762781186,0.9898041958041958,,,2,117
118986,Jose Mesa,100,1,0,1,11,4,9,1,FreeAgent,1,1,0,0,0,72.1,14,11,0.16,0.929,,,1,16
435560,Omar Quintanilla,813,2,72,4,10,11,8,8,Active,6,34,0,1,3,81.2,48,30,4.3830049261083746,1,,,2,60
434626,Ryan Shealy,754,2,123,6,11,6,4,11,Traded,3,202,7,1,31,463,461,27,8.68183585313175,0.9931973969631236,,,0,144
400136,Jason Smith,428,2,109,5,8,9,10,8,Signed,4,99,5,3,9,179.39999999999998,124,54,4.477848383500558,0.9838709677419355,,,3,60
448676,Ryan Spilborghs,850,2,113,6,8,9,4,9,Active,7,167,4,5,26,316.2,80,4,1.6286116382036686,0.9875,,,3,130
150275,Yorvit Torrealba,273,2,120,5,11,11,9,9,Active,2,223,7,4,23,530,376,34,5.89,0.9870000000000001,31,21,1,139
453064,Troy Tulowitzki,887,2,98,5,4,9,8,8,Active,6,96,1,3,15,220.1,118,69,4.64,0.983,,,1,60
430631,Reggie Abercrombie,668,2,99,4,10,11,11,8,Active,8,255,5,6,39,620.2,184,3,1.940580457916801,,,,3,125
111244,Joe Borowski,15,1,16,1,10,4,9,1,FreeAgent,1,0,0,0,0,69.2,5,3,0.06,0.8,,,1,16
408234,Miguel Cabrera,505,3,196,13,8,7,11,11,Traded,10,576,26,9,112,1334,397,266,2.42,0.957,,,1,164
462911,Jose Garcia,945,1,40,4,10,3,4,6,Active,1,2,0,0,0,11,1,1,0.2,1,,,1,16
136500,Wes Helms,219,2,152,9,10,12,9,10,FreeAgent,3,240,10,0,30,528.2,433,48,3.9486558121923516,0.9954180138568129,,,2,158
408312,Mike Jacobs,516,3,170,8,11,5,4,12,Active,3,469,20,3,54,972,995,57,7.97,0.993,,,0,160
435178,Josh Johnson,795,2,47,1,11,3,5,11,Active,1,42,0,0,1,157,31,26,1,1,,,1,16
434137,Logan Kensing,736,1,0,1,11,3,9,7,Active,1,1,0,0,0,37.2,3,3,0.08,1,,,1,16
465593,Carlos Martinez,951,1,16,1,12,3,4,6,Active,1,0,0,0,0,10.1,1,0,0.08,1,,,1,16
434591,Randy Messenger,753,1,0,1,12,3,7,1,Traded,1,2,0,0,0,60.1,9,7,0.14,0.8889999999999999,,,1,16
429901,Sergio Mitre,641,2,83,2,10,8,9,1,Active,1,12,0,0,2,41,11,7,0.6,0.818,,,1,16
119215,Brian Moehler,105,1,26,1,10,4,9,6,FreeAgent,1,31,0,0,1,122,27,18,0.9,0.963,,,1,16
445060,Ricky Nolasco,827,2,96,1,11,3,6,1,Active,1,41,1,0,2,140,25,13,0.6,0.84,,,1,16
400018,Miguel Olivo,411,3,145,7,10,8,9,10,FreeAgent,2,430,16,2,52,980.1,809,66,6.380137741046831,0.9910556242274413,48,30,1,150
435179,Scott Olsen,796,2,66,3,10,8,6,7,Traded,1,58,0,0,3,180.2,29,24,0.9000000000000001,0.966,,,1,16
433589,Yusmeiro Petit,731,1,80,1,10,3,4,6,Traded,1,5,0,0,1,26.1,2,0,0.13,1,,,1,16
430594,Renyel Pinto,662,1,0,1,10,3,7,6,Active,1,1,0,0,0,29.2,4,2,0.15,1,,,1,16
434670,Hanley Ramirez,769,3,154,9,7,12,10,9,Active,6,633,17,51,119,1323.1,695,411,4.34,0.963,,,1,133
430971,Eric Reed,713,1,23,4,7,8,6,10,Active,8,41,0,3,6,114,34,1,1.0807017543859652,,,,2,60
425496,Cody Ross,547,3,130,5,8,11,5,9,Active,9,269,13,1,34,593.4000000000001,135,3,1.4437377822716546,,,,3,170
434671,Anibal Sanchez,770,1,46,1,10,3,4,6,Active,1,35,0,0,1,114.1,29,13,1.56,0.966,,,1,16
452237,Taylor Tankersley,877,1,0,1,10,3,4,7,Active,1,2,0,0,0,41,8,6,0.16,1,,,1,16
276354,Matt Treanor,343,2,100,5,12,9,9,11,Active,2,157,2,0,12,439.2,403,26,6.56,0.9929999999999999,18,16,1,117
462564,Dan Uggla,944,3,160,9,8,12,9,9,Active,4,611,27,6,105,1304.1,752,423,4.88,0.9800000000000001,,,1,162
450306,Jason Vargas,861,2,97,6,10,3,4,7,Traded,1,16,0,0,1,43,8,7,0.67,1,,,1,16
425487,Todd Wellemeyer,543,1,0,1,12,3,9,8,Waived,1,2,0,0,0,78.1,14,11,0.35193341869398215,1,,,1,16
425545,Josh Willingham,559,3,172,8,10,7,6,9,Active,7,502,26,2,62,1086.2,235,6,1.6591972012520717,0.9703148936170213,2,0,2,176
425883,Dontrelle Willis,609,2,99,2,11,7,8,1,Traded,1,64,3,0,8,223.1,59,43,1.59,0.915,,,1,16
458006,Matt Albers,925,1,0,1,10,3,6,6,Active,1,4,0,0,0,15,8,4,2,1,,,1,16
110385,Brad Ausmus,6,2,100,5,12,9,14,11,FreeAgent,2,439,2,3,37,1127.4,995,64,7.17092247649459,,60,17,2,106
407840,Brandon Backe,471,1,57,1,10,9,10,7,Active,1,14,0,0,0,43,14,9,1.75,1,,,1,16
204020,Lance Berkman,309,4,231,11,11,5,9,10,Active,3,536,45,3,95,1253.4,1108,74,7.165310355832138,0.991676895306859,,,2,225
110987,Craig Biggio,11,3,146,7,7,10,8,12,FreeAgent,4,548,21,3,79,1062,559,334,4.29,0.989,,,1,152
150185,Dave Borkowski,259,1,0,1,10,4,8,8,Signed,1,5,0,0,0,71,15,7,0.38,1,,,1,16
430587,Taylor Buchholz,657,1,13,1,11,3,7,9,Traded,1,30,0,0,0,113,23,8,1.05,1,,,1,16
112388,Roger Clemens,32,2,37,2,10,4,9,5,FreeAgent,1,27,0,0,0,113.1,20,15,1,0.95,,,1,16
348563,Morgan Ensberg,407,4,166,6,13,7,11,11,Traded,5,387,23,1,67,975,322,230,2.65,0.9630000000000001,,,1,188
276361,Adam Everett,344,2,113,6,12,11,12,13,Active,6,514,6,9,52,1292.1,688,479,4.57,0.99,,,1,116
430591,Hector Gimenez,659,1,95,4,4,4,4,7,Active,2,2,0,0,0,,,,,,,,0,60
444865,Jason Hirsh,824,1,0,1,11,3,4,1,Traded,1,15,0,0,0,44.2,6,3,0.56,0.8329999999999999,,,1,16
407835,Jason Lane,470,3,131,3,6,9,6,10,Active,1,288,15,1,44,720.1,170,1,1.7100749895847798,1,,,3,176
400058,Brad Lidge,414,1,16,1,12,3,8,1,Active,1,0,0,0,0,75,13,6,0.14,0.846,,,1,16
119125,Trever Miller,102,1,16,1,10,4,8,7,FreeAgent,1,0,0,0,0,50.2,7,4,0.1,1,,,1,16
400061,Roy Oswalt,415,2,77,2,12,5,9,9,Active,1,66,1,0,3,220.2,44,28,1.3,0.977,,,1,16
120190,Orlando Palmeiro,116,2,97,5,7,11,10,9,FreeAgent,7,119,0,0,12,87.2,15,0,0.6545183486238533,1,,,2,60
120485,Andy Pettitte,119,2,97,3,10,4,9,3,FreeAgent,1,62,1,0,4,214.1,35,31,0.92,0.9429999999999998,,,1,16
430589,Chad Qualls,658,1,5,1,12,3,9,9,Traded,1,0,0,0,0,88.2,19,11,0.23,1,,,1,16
279827,Humberto Quintero,368,2,98,5,7,6,11,9,Signed,2,21,0,0,2,56.2,48,6,4.8,1,2,3,1,60
434643,Wandy Rodriguez,761,1,32,1,10,5,5,5,Active,1,37,0,0,4,135.2,22,15,0.7,0.955,,,1,16
448200,Chris Sampson,845,1,0,1,10,3,7,7,Active,1,5,0,0,0,34,15,11,1.25,1,,,1,16
432928,Luke Scott,721,2,147,8,8,12,4,10,Traded,10,214,10,2,31,496.1,97,1,1.5595545252973189,,,,3,167
122620,Russ Springer,144,1,16,1,11,4,9,1,FreeAgent,1,0,0,0,0,59.2,10,6,0.13,0.9,,,1,16
430838,Willy Taveras,690,2,96,8,12,14,11,10,Traded,8,529,1,33,83,1116.2,349,9,2.49,0.9859999999999999,,,1,99
235095,Dan Wheeler,330,1,16,1,10,4,9,8,Traded,1,0,0,0,0,71.1,9,4,0.11999999999999998,1,,,1,16
136724,Marlon Anderson,225,2,143,8,10,12,8,5,Active,4,279,12,4,43,471.1,187,74,2.6574846104860965,0.952048128342246,,,4,161
430632,Willy Aybar,669,2,119,7,6,6,5,9,Traded,5,243,4,1,32,553.3,189,132,2.3144568949936746,0.9522063492063493,,,2,121
276056,Danys Baez,338,1,16,1,12,4,9,3,Traded,1,0,0,0,0,59.2,17,9,0.2783108108108108,0.941529411764706,,,1,16
346847,Joe Beimel,397,1,0,1,10,4,9,6,FreeAgent,1,1,0,0,0,70,31,26,0.48000000000000004,0.968,,,1,16
451532,Chad Billingsley,871,1,33,1,11,3,4,9,Active,1,24,0,0,2,90,9,7,0.5,1,,,1,16
430674,Yhency Brazoban,684,1,5,1,11,3,9,6,Active,1,0,0,0,0,5,1,0,0.2,1,,,1,16
455009,Jonathan Broxton,896,1,0,1,12,3,6,8,Active,1,2,0,0,0,76.1,5,5,0.07,1,,,1,16
113296,Elmer Dessens,41,2,0,2,11,4,9,8,Traded,1,1,0,0,0,77,16,13,0.2642857142857143,1,,,1,16
136770,J.D. Drew,230,3,165,9,11,10,11,12,FreeAgent,9,494,20,2,84,1118,292,3,2.13,0.983,,,1,156
279577,Rafael Furcal,364,2,145,10,12,13,12,9,Active,6,654,15,37,113,1371,788,492,4.88,0.966,,,1,129
150378,Eric Gagne,288,1,5,1,11,4,9,11,FreeAgent,1,0,0,0,0,2,0,0,0,,,,1,16
114596,Nomar Garciaparra,54,3,178,10,12,7,9,13,Active,6,469,20,3,82,1017,1124,61,9.49,0.9959999999999999,,,0,160
150134,Toby Hall,253,2,125,6,8,5,8,11,FreeAgent,2,278,8,0,17,629,428,30,5.205532591414944,,42,16,2,135
424805,Mark Hendrickson,529,1,0,1,10,3,9,1,FreeAgent,1,19,0,0,1,164.2,29,22,0.8927283800243607,0.8963103448275863,,,1,16
285131,Cesar Izturis,381,2,100,5,10,12,9,8,Traded,6,192,1,1,14,433.2,186,130,3.458019390581718,0.9678494623655913,,,3,108
461314,Matt Kemp,937,2,117,5,8,11,4,3,Active,8,154,7,6,30,332.49999999999994,70,2,1.2962075187969926,0.9285714285714286,,,3,164
116999,Jeff Kent,84,3,162,9,8,7,10,10,Active,4,407,14,1,61,933.3000000000001,591,314,4.962479374263366,0.9863197969543147,,,1,144
133342,Ricky Ledee,199,2,100,3,6,8,6,9,Waived,7,85,2,1,8,74.5,9,0,0.688228187919463,,,,2,60
117863,Kenny Lofton,93,2,125,10,6,13,8,10,FreeAgent,8,469,3,32,79,961,248,4,2.04,0.988,,,1,109
117955,Derek Lowe,95,2,44,1,10,6,9,6,FreeAgent,1,64,0,0,5,218,71,49,1.9400000000000002,0.958,,,1,16
150061,Julio Lugo,244,2,138,8,13,11,11,8,FreeAgent,6,435,12,24,69,941.3000000000001,487,304,3.7712206522893865,,,,5,134
118120,Greg Maddux,97,2,59,1,9,5,9,13,FreeAgent,1,68,0,2,3,209.3,66,52,1.9395078834209267,1,,,1,16
134002,Ramon Martinez,205,2,108,6,7,8,9,9,Active,6,176,2,0,20,404.3,193,116,2.7924412564927037,0.9895854922279793,,,4,115
431145,Russell Martin,715,2,144,8,11,9,10,12,Active,2,415,10,10,65,1015,856,62,7.26,0.993,71,32,1,130
425900,Dioner Navarro,610,2,115,6,8,6,8,9,Traded,2,268,6,2,28,653.2,524,37,6.61760257195346,0.9845038167938931,48,20,1,128
207267,Brad Penny,311,2,73,3,12,5,9,7,Active,1,65,0,0,3,189,30,22,0.85,0.967,,,1,16
136602,Odalis Perez,221,1,27,1,10,4,9,6,Traded,1,15,0,0,3,126.1,28,24,0.882831086439334,0.96425,,,1,16
425854,Oscar Robles,604,2,67,8,12,6,6,6,Reassigned,6,33,0,0,6,60.300000000000004,26,16,1.3371807628524046,0.9614999999999999,,,2,60
425496,Cody Ross,547,3,130,5,8,11,5,9,Traded,9,269,13,1,34,593.4000000000001,135,3,1.4437377822716546,,,,3,170
121616,Olmedo Saenz,132,2,140,7,8,5,11,9,FreeAgent,3,179,11,0,30,242.1,214,31,4.672614622057001,0.9813738317757008,,,1,190
493416,Takashi Saito,966,1,29,1,11,7,4,8,Active,1,0,0,0,0,78.1,9,7,0.13,1,,,1,16
121986,Aaron Sele,137,2,72,1,9,8,9,9,FreeAgent,1,26,0,0,2,103.1,13,10,0.46,1,,,1,16
123387,Brett Tomko,158,1,48,2,12,5,9,9,Released,1,25,0,0,2,112.1,18,15,0.4099999999999999,1,,,1,16
433657,Dave Bush,733,2,75,2,10,8,9,9,Active,1,62,0,0,6,210,46,29,1.3199999999999998,0.978,,,1,16
430642,Jose Capellan,675,1,0,1,12,3,9,8,Active,1,2,0,0,0,71.2,7,7,0.11,1,,,1,16
425626,Chris Capuano,571,2,40,1,10,6,8,6,Active,1,68,0,0,3,221.1,47,31,1.3200000000000003,0.957,,,1,16
112297,Jeff Cirillo,29,2,123,8,8,9,9,9,FreeAgent,5,263,3,1,33,482.3,266,103,3.92744349989633,0.9923082706766918,,,3,115
276054,Brady Clark,336,2,116,8,7,7,8,9,Traded,9,415,4,3,51,935.1,263,2,2.1691979467436635,0.984425855513308,,,3,114
150188,Francisco Cordero,260,1,16,1,13,4,9,8,FreeAgent,1,0,0,0,0,74.4,11,6,0.14126344086021503,1,,,1,16
150277,Doug Davis,274,1,13,1,9,5,9,8,Traded,1,65,0,0,5,203.1,33,26,0.94,0.97,,,1,16
407822,Jorge De La Rosa,466,1,0,1,11,3,8,1,Traded,1,5,0,0,0,78.30000000000001,10,6,0.35386973180076625,0.8997999999999999,,,1,16
445968,Dana Eveland,834,1,0,1,10,3,5,6,Traded,1,7,0,0,0,27.2,2,2,0.22,1,,,1,16
425902,Prince Fielder,611,3,177,8,12,5,9,11,Active,3,569,28,7,82,1318.2,1358,88,8.86,0.992,,,0,171
115017,Tony Graffanino,61,2,136,8,10,12,11,8,Active,4,456,7,5,68,982.4,504,241,3.9631087133550493,0.9841190476190476,,,3,120
408212,Gabe Gross,501,2,134,7,10,9,7,9,Active,9,208,9,1,42,415.3,129,6,2.112379003130267,0.9848139534883721,,,3,161
429666,J.J. Hardy,620,2,109,5,12,9,11,9,Active,6,128,5,1,13,257,144,91,4.44,0.9860000000000001,,,1,153
430611,Corey Hart,665,2,131,7,8,9,8,7,Active,9,237,9,5,32,461.1,116,3,1.6292474517458253,0.9826465517241378,,,3,151
132961,Geoff Jenkins,190,3,157,8,10,6,7,11,FreeAgent,7,484,17,4,62,1100.1,259,6,1.8999999999999997,0.977,,,1,145
136731,Corey Koskie,227,3,140,6,8,6,11,11,Active,5,257,12,1,29,603.1,212,151,2.93,0.967,,,1,166
150324,Carlos Lee,281,3,197,10,10,6,6,10,Traded,7,624,37,19,102,1258.2,238,5,1.5570688284851377,0.9747142857142856,,,1,188
407891,Kevin Mench,483,3,146,8,8,7,9,11,FreeAgent,7,446,13,1,45,895.4,198,4,1.7648760330578512,0.989909090909091,,,2,136
150224,Chad Moeller,264,2,97,3,7,7,11,10,Signed,2,98,2,0,9,231,208,15,7.14,0.995,22,6,1,60
425556,Laynce Nix,564,2,85,2,8,11,11,9,Active,8,67,1,0,3,154.3,43,2,2.392093324692158,1,,,1,60
219594,Tomo Ohka,327,2,59,1,10,5,9,1,FreeAgent,1,31,0,0,0,97,25,12,1.11,0.8,,,1,16
282656,Ben Sheets,373,1,2,1,12,8,8,9,Active,1,33,0,0,1,106,13,8,0.76,1,,,1,16
122195,Brian Shouse,140,1,16,1,10,4,8,1,FreeAgent,1,0,0,0,0,38.1,14,10,0.20506561679790025,0.9288571428571429,,,1,16
276913,Derrick Turnbow,358,1,0,1,12,4,9,1,Signed,1,1,0,0,0,56.1,9,3,0.11,0.778,,,1,16
453646,Carlos Villanueva,890,1,27,1,10,3,5,7,Active,1,15,0,0,0,53.2,11,9,1.1,1,,,1,16
277184,Matt Wise,359,1,0,1,10,4,9,1,FreeAgent,1,1,0,0,0,44.1,9,6,0.2,0.8889999999999999,,,1,16
446454,Brian Bannister,837,2,98,1,10,3,5,7,Traded,1,12,0,0,2,38,5,4,0.63,1,,,1,16
136860,Carlos Beltran,232,4,216,8,14,12,13,12,Active,8,510,41,18,127,1184,372,13,2.72,0.995,,,1,219
136268,Chad Bradford,216,1,16,1,8,4,8,8,FreeAgent,1,0,0,0,0,62,13,10,0.19,1,,,1,16
135783,Ramon Castro,213,2,109,5,8,6,9,11,Active,2,126,4,0,13,307.1,284,16,7.650000000000001,0.9959999999999999,17,9,1,139
346795,Endy Chavez,393,2,118,9,10,12,11,11,Active,8,353,4,12,48,814.4000000000001,218,9,1.724382367387033,1,,,3,115
113232,Carlos Delgado,39,4,201,8,10,6,7,12,Active,3,524,38,0,89,1246.1,1277,70,9,0.994,,,0,207
429806,Victor Diaz,638,2,91,8,11,11,7,1,Traded,9,11,0,0,0,20,5,0,1,0.8,,,1,60
408230,Pedro Feliciano,504,1,0,1,9,3,9,1,Active,1,3,0,0,0,60.1,13,8,0.17,0.846,,,1,16
114260,Cliff Floyd,53,3,132,6,11,7,10,11,FreeAgent,7,332,11,6,45,768.1,153,3,1.64,0.987,,,1,142
212297,Julio Franco,314,2,109,6,8,7,8,9,Waived,6,165,2,6,14,214,209,11,6.96785046728972,0.9951435406698564,,,1,116
114849,Tom Glavine,57,1,59,2,9,5,9,1,FreeAgent,1,53,0,0,6,198,58,43,1.69,0.931,,,1,16
115094,Shawn Green,62,3,149,8,8,8,12,11,Active,9,530,15,4,73,1219.1,339,7,2.2836969895824795,0.9852123893805309,,,1,135
408310,Aaron Heilman,515,1,5,1,11,3,9,4,Traded,1,0,0,0,0,87,19,16,0.24,0.947,,,1,16
133340,Orlando Hernandez,198,2,78,2,10,8,8,11,Active,1,46,0,1,4,161.4,35,17,1.2056009913258983,1,,,1,16
406402,Jorge Julio,438,1,0,1,12,4,8,8,Traded,1,1,0,0,0,65.30000000000001,2,1,0.033843797856049004,,,,1,16
133342,Ricky Ledee,199,2,100,3,6,8,6,9,FreeAgent,7,85,2,1,8,74.5,9,0,0.688228187919463,,,,2,60
134001,Paul Lo Duca,204,2,145,11,10,7,9,10,Active,2,512,5,3,80,1027,872,59,7.3,0.987,84,27,1,114
429720,John Maine,632,2,21,1,11,3,8,9,Active,1,28,0,0,3,90,14,11,0.88,1,,,1,16
118377,Pedro Martinez,99,2,39,1,10,5,9,1,Active,1,38,0,0,2,132.2,25,13,0.87,0.8,,,1,16
430565,Kazuo Matsui,652,2,108,6,11,12,10,9,Traded,4,243,3,10,32,489,286,159,5.147443762781186,0.9898041958041958,,,2,117
451186,Lastings Milledge,865,2,105,5,10,12,6,9,Active,8,166,4,1,14,398.1,86,4,1.6787314745038935,0.9766046511627907,,,2,130
150407,Guillermo Mota,293,1,16,1,12,4,9,7,Active,1,0,0,0,0,55.2,4,4,0.08021739130434784,1,,,1,16
119984,Darren Oliver,113,2,67,5,9,4,9,8,FreeAgent,1,15,0,0,2,81,14,10,0.31,1,,,1,16
452291,Henry Owens,880,1,16,1,11,3,6,5,Traded,1,0,0,0,0,4,0,0,0,,,,1,16
460059,Mike Pelfrey,930,1,0,1,12,3,4,6,Active,1,9,0,0,0,21.1,4,3,1,1,,,1,16
424144,Oliver Perez,524,1,34,2,11,3,9,1,Active,1,38,0,1,0,112.2,16,13,0.6354545454545455,0.874875,,,1,16
408314,Jose Reyes,517,3,157,10,10,14,11,10,Active,6,647,19,64,122,1320.1,583,390,3.8,0.971,,,1,136
429721,Royce Ring,633,1,16,1,10,3,6,6,Active,1,0,0,0,0,12.2,4,4,0.36,1,,,1,16
400093,Duaner Sanchez,422,1,0,1,12,3,9,1,Active,1,1,0,0,1,55.1,10,5,0.18,0.9,,,1,16
122803,Kelly Stinnett,148,2,96,3,8,8,9,9,FreeAgent,2,91,1,0,6,261.2,222,15,5.328912710566616,0.986599099099099,23,8,1,60
123431,Steve Trachsel,160,2,84,1,10,8,9,8,FreeAgent,1,50,1,0,4,164.2,36,28,1.17,0.972,,,1,16
123610,Jose Valentin,162,3,161,8,14,9,11,9,Active,6,384,18,6,56,849.3000000000001,506,289,4.866169786883316,0.9884743083003953,,,4,167
123790,Billy Wagner,167,1,85,1,12,4,9,8,Active,1,0,0,0,0,72.1,12,11,0.17,1,,,1,16
400063,Dave Williams,416,1,42,1,9,4,8,8,Active,1,21,0,0,1,69,19,18,1.3613043478260871,1,,,1,16
218595,Chris Woodward,323,2,100,4,8,7,10,9,FreeAgent,6,222,3,1,25,510.2,250,143,3.475393963151706,0.9798279999999999,,,5,118
431151,David Wright,717,3,187,11,10,9,11,11,Active,5,582,26,20,96,1365.1,414,288,2.58,0.954,,,1,163
406913,Victor Zambrano,444,2,0,1,10,11,8,6,FreeAgent,1,5,0,0,0,21.1,2,1,0.4,1,,,1,16
110029,Bobby Abreu,1,3,162,10,12,12,12,11,Traded,9,548,15,30,98,1299,305,10,1.9466589684372595,,,,2,134
150100,Pat Burrell,248,4,186,7,13,6,6,12,FreeAgent,7,462,29,0,80,987.2,215,8,1.68,0.986,,,1,192
466983,Fabio Castro,957,1,0,1,11,3,4,1,Active,1,2,0,0,0,31.200000000000003,7,6,0.3149038461538461,0.8571428571428571,,,1,16
424925,Clay Condrey,531,1,0,1,10,3,7,6,Signed,1,2,0,0,0,28.2,6,4,0.29,1,,,1,16
112690,Rheal Cormier,35,1,5,3,9,4,9,7,Traded,1,0,0,0,0,48,20,13,0.3175,1,,,1,16
400120,Chris Coste,424,2,130,8,6,5,9,10,Active,2,198,7,0,25,438.20000000000005,347,12,6.255089000456412,0.9881037463976946,25,6,1,146
113240,David Dellucci,40,3,149,8,8,12,7,10,FreeAgent,9,264,13,1,41,467.2,97,1,1.2615924657534245,0.9897010309278351,,,2,171
114031,Sal Fasano,51,2,109,4,8,8,8,11,Traded,2,189,5,0,12,517.4,408,35,5.3405141090065715,0.9902794117647059,35,11,1,133
211041,Ryan Franklin,313,1,0,1,10,4,9,2,Traded,1,4,0,0,0,77.1,15,10,0.21186770428015567,0.9336000000000001,,,1,16
150269,Aaron Fultz,271,1,0,1,10,8,9,1,FreeAgent,1,4,0,0,0,71.1,18,14,0.23999999999999996,0.8889999999999999,,,1,16
407783,Geoff Geary,457,2,96,1,11,3,8,5,Reassigned,1,5,0,0,2,91.1,22,14,0.26,0.955,,,1,16
114971,Tom Gordon,60,1,16,1,12,4,9,8,Active,1,0,0,0,0,59.1,13,8,0.22,1,,,1,16
430935,Cole Hamels,704,1,45,1,11,3,5,10,Active,1,44,0,0,4,132.1,24,20,1.04,1,,,1,16
429667,Ryan Howard,621,4,241,11,12,5,8,11,Active,3,581,58,0,104,1412,1478,91,9.21,0.9910000000000001,,,0,255
117758,Jon Lieber,90,1,38,1,10,4,8,1,Active,1,53,0,0,0,168,37,19,1.26,0.919,,,1,16
117759,Mike Lieberthal,91,2,130,6,11,5,11,11,FreeAgent,2,209,9,0,22,484,465,33,7.68,0.991,29,18,1,161
425492,Ryan Madson,546,2,69,1,11,8,9,10,Active,1,33,0,0,3,134.1,29,20,0.58,1,,,1,16
455949,Scott Mathieson,902,1,57,1,12,3,6,1,Active,1,7,0,0,0,37.1,8,7,0.78,0.875,,,1,16
119469,Jamie Moyer,107,1,38,2,8,4,9,6,FreeAgent,1,21,0,0,1,211.1,50,36,1.4554381809568926,0.96,,,1,16
408206,Brett Myers,498,1,13,1,12,6,9,13,Active,1,63,0,0,1,198,38,25,1.23,1,,,1,16
121125,Arthur Rhodes,126,1,16,1,11,4,8,7,FreeAgent,1,0,0,0,0,45.2,7,7,0.13,1,,,1,16
276519,Jimmy Rollins,351,3,161,8,11,12,12,12,Active,6,689,25,36,127,1378,670,446,4.2,0.984,,,1,148
400023,Aaron Rowand,413,3,140,7,10,12,11,8,FreeAgent,8,405,12,10,59,900.2,262,6,2.4,0.981,,,1,137
434563,Carlos Ruiz,747,2,104,5,7,11,9,7,Active,2,69,3,0,5,176.1,161,11,6.580000000000001,0.981,11,3,1,60
445224,Matt Smith,833,1,16,1,10,3,6,6,Active,1,0,0,0,0,20.2,5,3,0.22445544554455446,1,,,1,16
400284,Chase Utley,433,3,183,10,10,12,8,9,Active,4,658,32,15,131,1385.1,814,424,5.042358674463937,0.9774238329238328,,,1,170
124184,Rick White,174,1,5,1,11,4,9,8,FreeAgent,1,0,0,0,0,64.2,17,16,0.2690965732087227,1,,,1,16
150116,Randy Wolf,249,2,95,3,10,5,9,7,FreeAgent,1,21,0,0,2,56.2,12,6,1,1,,,1,16
430832,Jose Bautista,688,3,145,6,11,9,8,9,Active,9,400,16,2,58,928.6000000000001,264,71,2.071201809175102,0.9698712121212121,,,5,155
424726,Jason Bay,528,3,189,9,11,12,14,12,Traded,7,570,35,11,101,1373,329,10,2.08,0.991,,,1,190
435058,Jonah Bayliss,789,1,16,1,10,3,6,6,Active,1,0,0,0,0,14.2,1,1,0.09,1,,,1,16
448165,Matt Capps,843,1,0,1,11,3,5,1,Active,1,2,0,0,1,80.2,16,10,0.16,0.875,,,1,16
112087,Sean Casey,24,2,135,8,12,6,11,14,Traded,3,397,8,0,47,874.1,974,34,9.166242992792586,0.9980164271047228,,,0,125
425489,Jose Castillo,544,3,133,7,14,10,8,8,FreeAgent,4,518,14,6,54,1235,712,350,4.79,0.9749999999999999,,,1,133
276336,Shawn Chacon,339,2,40,1,10,8,9,5,FreeAgent,1,15,0,0,2,109,21,17,0.7684403669724771,0.9523809523809523,,,1,16
276521,Humberto Cota,353,1,65,3,8,6,6,11,Active,2,100,0,0,5,242.1,195,16,5.91,1,18,9,1,60
434658,Rajai Davis,762,2,82,4,5,5,6,5,Active,8,14,0,1,1,3,0,0,0,,,,1,60
425491,Ryan Doumit,545,2,110,3,7,7,4,9,Active,2,149,6,0,15,299.3,307,24,7.750524557300367,0.9870000000000001,11,4,1,156
434659,Chris Duffy,763,2,101,6,8,12,8,9,Active,8,314,2,26,46,671.2,173,4,2.21,0.983,,,1,109
435043,Zach Duke,787,2,80,3,10,5,6,10,Active,1,68,0,0,2,215.1,61,52,1.7599999999999998,0.984,,,1,16
452733,Tom Gorzelanny,886,1,0,1,11,3,4,1,Active,1,19,0,0,0,61.2,24,18,1.91,0.875,,,1,16
346848,John Grabow,398,1,0,1,10,3,8,8,Active,1,1,0,0,0,69.2,17,13,0.24,1,,,1,16
430904,Paul Maholm,696,1,38,1,10,3,4,6,Active,1,55,0,0,3,176,53,41,1.7,0.962,,,1,16
150122,Damaso Marte,252,1,0,1,11,4,9,1,Traded,1,2,0,0,0,58.1,12,10,0.15,0.9170000000000001,,,1,16
276373,Marty McLeary,346,1,0,1,10,3,9,1,Active,1,5,0,0,0,17.2,3,1,0.4,0.6670000000000001,,,1,16
434661,Nate McLouth,765,2,117,5,7,11,7,9,Active,8,270,7,10,50,517.1,112,1,1.5453084509766002,0.9817857142857144,,,3,132
425661,Ronny Paulino,581,2,135,10,12,5,9,10,Active,2,442,6,0,37,1047,882,72,7.02,0.9879999999999999,67,38,1,118
424144,Oliver Perez,524,1,34,2,11,3,9,1,Traded,1,38,0,1,0,112.2,16,13,0.6354545454545455,0.874875,,,1,16
446910,Brian Rogers,838,1,16,1,10,3,5,6,Active,1,0,0,0,0,8.2,1,1,0.1,1,,,1,16
276343,Victor Santos,340,2,60,1,10,5,8,1,FreeAgent,1,38,0,0,4,115.1,14,8,0.52,0.929,,,1,16
457465,Josh Sharpless,918,1,16,1,10,3,5,6,Active,1,0,0,0,0,12,3,1,0.21,1,,,1,16
430636,Ian Snell,670,2,26,1,12,8,9,12,Active,1,54,0,0,2,186,33,24,1.03,1,,,1,16
123415,Salomon Torres,159,1,80,1,11,4,9,9,Active,1,5,0,0,0,93.1,22,13,0.23,1,,,1,16
150337,Kip Wells,283,1,36,3,11,8,8,7,Traded,1,11,0,0,0,44.1,4,3,0.4426984126984127,1,,,1,16
333292,Jack Wilson,386,2,126,8,12,11,13,10,Active,6,543,8,4,70,1130,642,426,4.76,0.972,,,1,119
408036,Josh Bard,488,2,147,9,8,5,9,12,Active,2,249,9,1,30,547.2,457,37,5.822880116959063,0.9935973741794311,53,11,1,148
429662,Josh Barfield,616,2,147,9,8,11,7,11,Traded,4,539,13,21,72,1259,684,381,4.59,0.9869999999999999,,,1,130
425468,Rob Bowen,539,2,105,5,6,5,11,10,Traded,2,94,3,0,22,203,160,14,2.4229556650246304,0.9940374999999999,8,1,1,60
137140,Russell Branyan,236,3,148,5,10,8,6,9,Active,5,241,18,2,37,587.4000000000001,160,39,1.7030694586312562,0.9436062499999999,,,3,210
111492,Doug Brocail,16,1,16,1,12,4,8,6,Active,1,0,0,0,0,28.1,13,4,0.52,1,,,1,16
111904,Mike Cameron,21,3,160,8,12,13,14,9,FreeAgent,8,552,22,25,88,1244,379,6,2.65,0.984,,,1,155
407859,Scott Cassidy,476,1,0,1,10,3,9,7,Active,1,1,0,0,0,42.2,8,7,0.19,1,,,1,16
113833,Alan Embree,46,1,0,1,11,4,8,1,FreeAgent,1,1,0,0,0,52.1,9,4,0.11,0.8889999999999999,,,1,16
114789,Brian Giles,56,2,139,8,11,9,11,11,Active,9,604,14,9,87,1398.2,313,7,1.9399999999999997,0.9779999999999999,,,1,129
408236,Adrian Gonzalez,506,3,181,10,12,6,9,13,Active,3,570,24,0,83,1341,1365,116,8.76,0.995,,,0,159
425867,Khalil Greene,607,3,147,6,7,9,11,11,Active,6,412,15,5,56,997.2,456,309,3.96,0.98,,,1,148
454535,Clay Hensley,894,2,37,1,10,3,6,6,Active,1,48,0,0,2,187,45,27,1.16,0.956,,,1,16
116034,Trevor Hoffman,74,1,16,1,9,4,8,8,FreeAgent,1,0,0,0,0,63,11,5,0.17,1,,,1,16
434584,Ben Johnson,751,2,106,5,8,9,5,9,Traded,7,120,4,3,19,288.3,89,1,2.190783905653833,,,,3,142
117148,Ryan Klesko,85,3,140,5,10,10,8,9,FreeAgent,3,4,0,0,0,,,,,,,,0,60
276530,Scott Linebrink,354,1,96,1,11,4,7,8,Traded,1,1,0,0,0,75.2,13,7,0.18,1,,,1,16
434582,Paul McAnulty,750,2,119,4,5,8,5,8,Active,7,13,1,0,3,2,0,0,0,,,,1,60
448592,Cla Meredith,849,1,16,1,10,3,4,2,Active,1,0,0,0,0,50.2,15,9,0.31,0.933,,,1,16
119182,Doug Mirabelli,104,2,106,3,7,4,8,12,Traded,2,183,6,0,13,449,357,20,5.407951002227172,0.9946554621848739,39,9,1,141
120221,Chan Ho Park,117,1,96,2,10,5,9,1,FreeAgent,1,41,0,0,0,136.2,27,18,1.04,0.926,,,1,16
408241,Jake Peavy,507,2,96,2,11,5,9,5,Active,1,60,2,0,6,202.1,44,20,1.3099999999999998,0.955,,,1,16
120536,Mike Piazza,120,3,174,8,6,4,9,9,FreeAgent,2,399,22,0,39,718,595,34,5.93,0.987,97,13,1,182
150353,Dave Roberts,285,2,116,9,6,14,13,11,FreeAgent,8,499,2,49,80,1074,274,1,2.1210055865921786,1,,,2,105
121955,Rudy Seanez,136,1,16,1,10,4,9,7,FreeAgent,1,0,0,0,0,52.300000000000004,8,4,0.16166347992351815,1,,,1,16
212356,Terrmel Sledge,315,2,102,5,4,11,7,9,Active,7,70,2,0,7,125,34,1,1.60352,0.9703529411764705,,,2,60
445120,Mike Thompson,829,1,64,2,10,3,7,6,Active,1,25,0,0,2,92,25,16,1.26,0.96,,,1,16
123842,Todd Walker,170,2,141,8,8,7,11,8,Released,4,442,9,2,56,919.5999999999999,598,176,4.957812092214006,0.9783327759197327,,,2,125
124071,David Wells,173,1,80,1,9,4,8,8,FreeAgent,1,5,0,0,0,75.1,8,6,0.6187749667110519,1,,,1,16
150182,Scott Williamson,258,1,16,1,10,4,9,7,FreeAgent,1,0,0,0,0,39.1,13,8,0.3059335038363172,1,,,1,16
124315,Woody Williams,177,1,85,3,10,4,9,7,FreeAgent,1,54,0,0,3,145.1,29,16,1.12,0.966,,,1,16
432934,Chris Young,722,2,51,1,10,11,9,12,Active,1,54,0,0,2,179.1,20,12,0.65,1,,,1,16
435618,Jeremy Accardo,814,1,0,1,12,3,4,8,Traded,1,5,0,0,0,68.3,14,12,0.21412884333821378,1,,,1,16
425769,Eliezer Alfonzo,586,3,139,7,8,7,9,11,Active,2,286,12,1,27,700.1,603,31,7.12,0.9920000000000001,52,18,1,159
110859,Armando Benitez,9,1,16,1,12,4,8,7,Traded,1,0,0,0,0,38.1,3,2,0.07,1,,,1,16
430912,Matt Cain,700,2,63,1,12,3,5,1,Active,1,57,0,0,1,190.2,35,15,1,0.914,,,1,16
425562,Vinnie Chulk,567,1,0,1,12,3,8,7,Active,1,1,0,0,0,46.1,8,5,0.171236442516269,1,,,1,16
429781,Kevin Correia,635,1,33,1,11,3,9,8,Active,1,12,0,0,1,69.2,6,3,0.13,1,,,1,16
113660,Ray Durham,42,3,188,9,8,12,8,10,Traded,4,498,26,7,79,1138.2,624,341,4.61,0.9820000000000001,,,1,177
425533,Jason Ellison,556,2,102,4,8,11,8,8,Traded,8,81,2,2,14,198.5,50,2,0.7836221662468515,0.95998,,,3,60
150268,Pedro Feliz,270,3,148,6,8,9,11,9,FreeAgent,5,603,22,1,75,1385.1,474,332,2.8086867374196807,0.9554746835443038,,,3,148
114135,Steve Finley,52,2,120,6,11,12,11,13,FreeAgent,8,426,6,7,66,973.1,293,5,2.25,0.9969999999999999,,,1,119
435623,Kevin Frandsen,816,2,99,4,10,8,6,4,Active,5,93,2,0,12,194,97,56,3.0349484536082474,0.9688350515463918,,,2,60
430913,Brad Hennessey,701,2,84,4,11,6,9,4,Active,1,27,0,0,1,99.1,18,12,0.5,0.9439999999999998,,,1,16
150167,Shea Hillenbrand,256,3,164,8,10,9,7,8,FreeAgent,5,530,21,1,73,772.3000000000001,651,73,6.4133756312313865,0.9863947772657451,,,1,154
117157,Steve Kline,86,1,16,1,10,4,9,2,Released,1,0,0,0,0,51.2,16,10,0.21,0.938,,,1,16
430930,Fred Lewis,702,2,98,5,8,8,6,5,Active,7,11,0,0,5,19,9,0,1.1610526315789473,0.8888888888888888,,,2,60
425821,Todd Linden,594,2,106,5,8,11,11,10,Waived,7,77,2,1,15,173.2,41,1,0.7869515011547346,1,,,2,60
430161,Noah Lowry,648,2,87,2,10,3,9,2,Active,1,46,1,0,2,159.1,32,20,1.11,0.938,,,1,16
119403,Matt Morris,106,2,93,3,10,6,9,3,Traded,1,60,0,0,2,207.2,51,28,1.4500000000000002,0.941,,,1,16
434639,Scott Munter,759,2,97,1,10,3,6,6,Active,1,1,0,0,1,22.2,5,2,0.19,1,,,1,16
408067,Lance Niekro,496,2,112,5,12,10,7,10,Signed,3,199,5,0,27,431.1,460,36,7.84,0.989,,,0,131
456043,Jonathan Sanchez,905,1,0,1,11,3,4,7,Active,1,7,0,0,1,40,2,2,0.07,1,,,1,16
121834,Jason Schmidt,135,2,82,1,11,4,8,13,FreeAgent,1,66,1,0,4,213.1,29,19,0.91,1,,,1,16
122681,Mike Stanton,146,1,0,1,10,4,9,1,FreeAgent,1,2,0,0,0,67.2,8,7,0.0871875,0.875,,,1,16
123040,Mark Sweeney,151,2,118,6,11,6,7,10,Active,7,259,5,0,32,508.20000000000005,425,36,6.092355371900826,0.9929411764705882,,,1,124
435620,Jack Taschner,815,1,16,1,11,3,7,1,Traded,1,0,0,0,0,19.1,7,5,0.25,0.857,,,1,16
123744,Omar Vizquel,166,2,127,10,13,10,14,14,Active,6,579,4,24,88,1281.1,599,390,3.91,0.993,,,1,110
124604,Jamey Wright,179,2,97,1,10,8,9,5,FreeAgent,1,47,0,0,4,156,40,28,1.12,0.95,,,1,16
150071,Ronnie Belliard,246,2,141,8,8,9,9,9,FreeAgent,4,544,13,2,63,1225.2,684,405,4.610466046359777,0.9836447368421053,,,2,130
110870,Gary Bennett,10,2,105,4,7,7,9,10,FreeAgent,2,157,4,0,13,386.1,260,14,4.578111888111888,,26,3,1,131
112020,Chris Carpenter,22,1,51,1,11,6,9,13,Active,1,71,0,0,2,221.2,36,25,1.13,1,,,1,16
408219,Chris Duncan,503,3,172,8,8,10,5,8,Active,9,280,22,0,60,539.3000000000001,172,5,1.9090450584090481,0.9652674418604652,,,2,216
275930,David Eckstein,334,2,116,9,11,11,12,13,Active,6,500,2,7,68,1029,547,363,4.51,0.9889999999999999,,,1,105
113744,Jim Edmonds,45,3,158,7,13,9,12,10,Active,8,350,19,4,52,832.3000000000001,275,6,2.5416424366214105,0.9891272727272727,,,1,180
113845,Juan Encarnacion,47,3,153,8,10,9,11,7,Active,9,557,19,6,74,1219.3,275,4,1.7070499466907243,,,,3,144
420864,Randy Flores,518,1,5,1,10,3,8,7,Active,1,0,0,0,0,41.2,9,8,0.14,1,,,1,16
116414,Jason Isringhausen,77,1,16,3,11,4,9,2,Active,1,0,0,0,0,58.1,16,10,0.25,0.938,,,1,16
431164,Tyler Johnson,720,1,0,1,10,3,6,1,IL,1,1,0,0,0,36.1,7,2,0.11,0.857,,,1,16
448337,Josh Kinney,848,1,16,1,10,3,6,1,Active,1,0,0,0,0,25,7,2,0.29,0.857,,,1,16
131702,Braden Looper,184,2,97,1,12,4,8,8,Active,1,2,0,0,0,73.1,16,10,0.23,1,,,1,16
150302,Jason Marquis,278,2,80,2,10,9,9,9,FreeAgent,1,78,0,0,8,194.1,44,30,1.3,0.977,,,1,16
425446,Aaron Miles,537,2,104,8,8,12,11,8,FreeAgent,4,426,2,2,48,949.3000000000001,576,340,4.387013588960286,,,,3,107
425877,Yadier Molina,608,2,111,4,14,5,9,7,Active,2,417,6,1,29,1042.1,823,79,6.375290279243835,0.9938189550425274,37,29,1,119
150426,Mark Mulder,298,2,102,2,10,8,9,9,Active,1,25,1,0,5,93.1,29,28,1.71,1,,,1,16
132260,Sidney Ponson,186,1,68,1,10,6,9,2,Released,1,13,0,0,1,84.30000000000001,15,9,0.7537129300118625,0.9336000000000001,,,1,16
405395,Albert Pujols,436,4,245,12,11,9,12,13,Active,3,535,49,7,119,1244.1,1464,110,10.2,0.996,,,0,242
435039,Anthony Reyes,784,1,48,1,10,3,4,8,Active,1,25,0,0,1,85.1,7,5,0.41000000000000003,1,,,1,16
121409,Scott Rolen,131,3,182,10,14,9,14,12,Active,5,521,22,7,94,1215.2,428,320,2.91,0.965,,,1,159
435401,Skip Schumaker,808,2,87,4,5,5,4,9,Active,4,54,1,2,3,114,27,0,1.091578947368421,1,,,3,60
407901,Jorge Sosa,485,2,102,1,12,3,7,10,FreeAgent,1,24,3,0,4,117.3,11,10,0.20664109121909632,1,,,1,16
122987,Jeff Suppan,150,1,79,4,10,6,9,12,FreeAgent,1,55,0,0,4,190,33,25,1.03,1,,,1,16
408039,So Taguchi,489,2,108,7,10,9,11,7,FreeAgent,7,316,2,11,46,735.5,193,4,1.3916791298436437,0.9687927461139895,,,4,109
433581,Brad Thompson,725,1,40,1,10,3,5,7,Active,1,2,0,0,0,56.2,14,9,0.33,1,,,1,16
425794,Adam Wainwright,591,2,100,5,11,3,9,1,Active,1,6,1,0,2,75,11,7,0.16,0.909,,,1,16
213711,Jeff Weaver,317,2,60,4,10,5,9,1,FreeAgent,1,30,0,0,1,171.3,34,18,1.0030647985989491,0.9115882352941176,,,1,16
133343,Preston Wilson,200,3,150,8,8,9,8,8,Active,8,501,17,12,58,1090.6000000000001,207,2,1.5589363653035027,0.9903816425120774,,,3,143
150393,Tony Armas,289,1,24,1,10,4,8,11,FreeAgent,1,50,0,0,1,154,27,20,0.8999999999999999,1,,,1,16
456589,Jason Bergmann,910,1,0,1,10,8,6,8,Active,1,8,0,0,0,64.2,9,4,0.31,1,,,1,16
150295,Micah Bowie,277,1,0,1,11,4,7,6,Active,1,1,0,0,0,19.2,5,4,0.33,1,,,1,16
435538,Bill Bray,811,1,0,1,10,3,4,1,Traded,1,1,0,0,0,50.2,8,6,0.14916334661354583,0.875,,,1,16
112381,Royce Clayton,31,2,108,7,12,9,12,9,Traded,6,454,2,14,49,1054.3,528,340,3.9590543488570615,0.9662045454545455,,,1,106
430101,Chad Cordero,647,1,0,1,10,3,8,1,Active,1,2,0,0,0,73.1,14,11,0.19,0.929,,,1,16
276510,Alex Escobar,349,2,115,7,8,12,10,9,Active,8,87,4,2,14,176.2,64,1,2.6807037457434735,0.98425,,,2,60
115229,Jose Guillen,67,3,119,4,12,10,11,11,FreeAgent,9,241,9,1,28,537.2,168,3,2.44,0.9880000000000001,,,1,150
430593,Brendan Harris,661,2,99,5,10,4,9,6,Traded,6,42,1,0,5,80.1,35,19,2.248439450686642,0.9714,,,3,60
115817,Livan Hernandez,72,2,99,3,9,5,9,1,Traded,1,68,1,0,6,215.29999999999998,53,33,1.440743149094287,0.924566037735849,,,1,16
429718,Shawn Hill,630,1,67,1,10,3,9,7,Active,1,6,0,0,1,36.2,13,9,2.17,1,,,1,16
276376,Nick Johnson,347,3,182,9,12,9,10,9,Active,3,500,23,10,100,1252.1,1273,93,8.56,0.988,,,0,165
425497,Nook Logan,548,2,97,6,8,12,8,8,Active,8,90,1,2,13,220,60,0,2.27,0.983,,,1,60
400008,Gary Majewski,409,1,0,1,11,3,9,2,Traded,1,3,0,0,0,70.1,15,9,0.2178601997146933,0.9332666666666667,,,1,16
456585,Michael O'Connor,909,1,26,1,9,8,6,1,Active,1,31,0,0,2,105,14,10,0.62,0.929,,,1,16
150009,Ramon Ortiz,237,2,53,1,10,5,8,1,FreeAgent,1,56,1,0,5,190.2,37,22,1.03,0.919,,,1,16
279568,John Patterson,362,1,96,1,11,3,9,7,Active,1,8,0,0,0,40.2,5,4,0.63,1,,,1,16
400010,Jon Rauch,410,1,0,1,10,3,9,9,Traded,1,4,0,0,0,91.1,7,6,0.08,1,,,1,16
346800,Saul Rivera,396,1,0,1,10,3,5,1,Active,1,4,0,0,0,60.1,11,8,0.19,0.909,,,1,16
150411,Brian Schneider,294,2,118,7,10,9,11,11,Traded,2,410,4,2,30,993.1,753,56,6.054684321820562,0.9930092961487383,58,25,1,114
456744,Chris Schroder,911,1,0,1,10,3,6,6,Active,1,2,0,0,0,28.1,3,2,0.14,1,,,1,16
122681,Mike Stanton,146,1,0,1,10,4,9,1,Traded,1,2,0,0,0,67.2,8,7,0.0871875,0.875,,,1,16
123723,Jose Vidro,164,2,139,9,13,6,11,11,Traded,4,463,7,1,52,962.2,536,253,4.601170234878404,0.991063432835821,,,1,120
429842,Ryan Wagner,640,1,96,1,10,3,8,6,Active,1,3,0,0,0,30.2,9,7,0.35,1,,,1,16
475582,Ryan Zimmerman,961,3,155,9,12,9,11,12,Active,5,614,20,11,84,1368.1,427,260,2.62,0.965,,,1,141
